name,link
你為什麼不問問神奇海螺呢,https://i.imgur.com/XB4MwpR.jpg
你現在是在懷疑神奇海螺的神奇魔力嗎,https://i.imgur.com/Mz19r2y.jpg
怎麼可能會有人說出這句沒有意義的話呢,https://i.imgur.com/TBKrCPg.jpg
派欸,https://i.imgur.com/LnqYfQv.jpg
今天很嗆是吧,https://i.imgur.com/u0dL09Z.jpg
這只是一幅畫像 不是真的人,https://i.imgur.com/EbS6NvP.jpg
看到沒有 這可是門科學,https://i.imgur.com/NLORoDg.jpg
你什麼時候才要離開你的幻想小世界啊,https://i.imgur.com/nnQ0Soo.jpg
先生 沒有那種東西,https://i.imgur.com/ExFTpbu.jpg
你還不懂嗎你這甲殼類大頭呆,https://i.imgur.com/e1MIxsr.jpg
難道說我的表情還不夠確定嗎,https://i.imgur.com/kO3SS5X.jpg
你真的很臭,https://i.imgur.com/qTusPtU.jpg
小朋友 發動你的引擎,https://i.imgur.com/6PcN2dU.jpg
好了 尖頭 給我納命來,https://i.imgur.com/OIhx0eB.jpg
你叫誰尖頭啊,https://i.imgur.com/uQQNedS.jpg
芝麻開門,https://i.imgur.com/C2Aj8gg.jpg
沒關係 你慢慢想,https://i.imgur.com/YHYcLwR.jpg
誰會想在凌晨三點吃美味蟹堡,https://i.imgur.com/nWkSB2G.jpg
好棒 三點了,https://i.imgur.com/gF69EIo.jpg
我...我要去檢舉你,https://i.imgur.com/etx3P2j.jpg
你太可悲了,https://i.imgur.com/kLoWL4L.jpg
請你面對事實 這樣只會傷害你自己,https://i.imgur.com/yFwUyLL.jpg
我還以為你喜歡的是我,https://i.imgur.com/5LJzVJg.jpg
不是 我是派大星,https://i.imgur.com/nnbCbAJ.jpg
不是啦 我是派大星,https://i.imgur.com/TywYVqi.jpg
老弟 你是負責搞笑的是嗎,https://i.imgur.com/kh6Utcl.jpg
再繞到她後面 我來下手,https://i.imgur.com/Mza9ebo.jpg
真的好想好想要,https://i.imgur.com/iVXYbSV.jpg
你拿你的臭嘴去親你老媽啦,https://i.imgur.com/8qys1ld.jpg
我要去舔大理石,https://i.imgur.com/bY8mnD0.jpg
我要變成大理石,https://i.imgur.com/LY5y3PB.jpg
"""我會為海膽踩煞車""",https://i.imgur.com/96HogRZ.jpg
而且一小時只有50塊錢耶,https://i.imgur.com/0PWQKnN.jpg
好奇怪 那不是我的名字,https://i.imgur.com/Qnwxds8.jpg
講話大聲的人就會很有力量,https://i.imgur.com/bcTtZZp.jpg
至少我們還擁有彼此啊,https://i.imgur.com/UYhb8kb.jpg
課本沒有教耶,https://i.imgur.com/G6oyGKW.jpg
看樣子我們的史前好朋友剛剛發現了火,https://i.imgur.com/pf1rJDh.jpg
我破產了,https://i.imgur.com/9CTti39.jpg
我需要錢,https://i.imgur.com/oV9Lsl9.jpg
我警告你,https://i.imgur.com/J3b6ew8.jpg
騙子 騙子 你是臭騙子,https://i.imgur.com/OiMNaYX.jpg
你偷了我僅有的食物,https://i.imgur.com/E91Wg8Z.jpg
現在我要餓死了,https://i.imgur.com/mElL7bg.jpg
好可憐哦,https://i.imgur.com/HMqZOm2.jpg
長官 這個任務可以讓我充滿了希望,https://i.imgur.com/10i8bGf.jpg
帽子給我好嗎,https://i.imgur.com/EZpwKjT.jpg
不要跟我頂嘴,https://i.imgur.com/zfijIaD.jpg
開胃菜抓狂了,https://i.imgur.com/Hsf2OHu.jpg
我的動機何在,https://i.imgur.com/23rxaaW.jpg
好吵喔,https://i.imgur.com/q0nhD7a.jpg
不 我弄破了,https://i.imgur.com/DWjxWk2.jpg
沒文化的垃圾渣渣,https://i.imgur.com/zz4siY5.jpg
派大星啊 你真的好會殺價,https://i.imgur.com/Q2u1Z1m.jpg
發財囉,https://i.imgur.com/dzbndNl.jpg
這種可怕又殘酷的幻影什麼時候才會消失,https://i.imgur.com/tHys8w2.jpg
然後我就可以扁他了 對嗎,https://i.imgur.com/rPFLk99.jpg
再摔一次 我沒看到,https://i.imgur.com/PWq1WlB.jpg
你到別的地方去耍笨好不好,https://i.imgur.com/lU4M8J2.jpg
我不想欸,https://i.imgur.com/1YmJUUt.jpg
你不要來亂好不好,https://i.imgur.com/jlrbKH9.jpg
一塊唱歌唱得好好聽哦,https://i.imgur.com/9704PCM.jpg
快點離開這裡,https://i.imgur.com/eUv3bLh.jpg
生日快樂 章魚哥,https://i.imgur.com/95Jh91r.jpg
祝你生日快樂...,https://i.imgur.com/suA8m2b.jpg
祝你生日快樂 我們來為你慶生,https://i.imgur.com/SQQPJle.jpg
祝你生日快樂 生日快樂蛋糕...,https://i.imgur.com/41ChihV.jpg
今天根本就不是我的生日,https://i.imgur.com/stmFOWY.jpg
那這些是學習樓梯 對嗎,https://i.imgur.com/cMznKlB.jpg
不 那只是普通樓梯啦,https://i.imgur.com/8mwpK29.jpg
這個才是學習樓梯,https://i.imgur.com/Ru7mcE5.jpg
24,https://i.imgur.com/TDtBZOC.jpg
那胖子在跟誰說話,https://i.imgur.com/g9wtUSv.jpg
慘了 又來個天兵,https://i.imgur.com/RYzTLi0.jpg
因為兇兇肥婆叫你去坐 快點,https://i.imgur.com/dmRsBnD.jpg
我長得有這麼畸形嗎 海綿寶寶,https://i.imgur.com/780r7zI.jpg
他們在耍笨阿,https://i.imgur.com/dtfhsYk.jpg
沒有人敢叫我胖呆,https://i.imgur.com/exKhxXr.jpg
好好享受一下,https://i.imgur.com/SsZigM7.jpg
我好愛你,https://i.imgur.com/wZvbjgI.jpg
看我怎麼打扁你,https://i.imgur.com/QyNsmJw.jpg
因為我們擁有神奇的想像力,https://i.imgur.com/rjApJR6.jpg
安養院裡面的老頭子 都比你要機伶多了,https://i.imgur.com/fzsBMyY.jpg
無大腦生活研討會會場在哪裡 不要遲到了,https://i.imgur.com/mJ0aMVQ.jpg
你簡直比火雞三明治 還要沒腦袋,https://i.imgur.com/KuJ38OU.jpg
這個地方比我想像中還要棒耶,https://i.imgur.com/6WHm4II.jpg
靠近看變得更醜了,https://i.imgur.com/0nWxUkl.jpg
因為笨蛋永遠都不知道自己到底有多笨有多呆,https://i.imgur.com/j1xWt1C.jpg
是誰把這碗洋蔥放在這裡,https://i.imgur.com/9SJHeQ8.jpg
照我看來 他可能比接線生還要笨,https://i.imgur.com/b1GZT3S.jpg
我爸媽覺得我比一袋尿布還要笨,https://i.imgur.com/XqNUNGi.jpg
太不健康了,https://i.imgur.com/bfwRvbX.jpg
你們是誰,https://i.imgur.com/NQOoYEr.jpg
我跟你打招呼 不是你可以隨便倒轉回來,https://i.imgur.com/ibsAi2W.jpg
煩耶 你哪來這麼多的問題,https://i.imgur.com/1eSTgal.jpg
只要你記得拿去還 就不算是偷,https://i.imgur.com/mt6mKmX.jpg
好棒哦,https://i.imgur.com/1japfbv.jpg
猜誰剛辭職了,https://i.imgur.com/rc98Fxj.jpg
好討厭喔,https://i.imgur.com/w294tB3.jpg
有什麼用 我什麼事情都做不好,https://i.imgur.com/zhjuF7K.jpg
電話在那裡,https://i.imgur.com/CKq7yEm.jpg
我要走向電話,https://i.imgur.com/bXBxenS.jpg
我越來越接近電話了,https://i.imgur.com/ySOTlPe.jpg
現在 我們最期待的一刻就要到來了,https://i.imgur.com/xh5Cmx7.jpg
我好想吃掉你哦,https://i.imgur.com/aXZP6b3.jpg
兄弟 要搭便車嗎,https://i.imgur.com/aGgiJTH.jpg
我可能沒有勇氣聽下去,https://i.imgur.com/H2Pj9qG.jpg
趕快給我走啦 你這個笨動物,https://i.imgur.com/5nWGcWg.jpg
你們到底有沒有大腦啊,https://i.imgur.com/mqh5Jcm.jpg
有了想像力,https://i.imgur.com/5mdZbBb.jpg
我看不到我的額頭,https://i.imgur.com/wrMLgi8.jpg
蓬蓬小褲褲,https://i.imgur.com/71KpkX4.jpg
我得幫我的手錶畫個電池,https://i.imgur.com/9YYcuth.jpg
那是綠色的,https://i.imgur.com/z0XqpcK.jpg
綠的,https://i.imgur.com/xAda8pY.jpg
你可以再慢一點,https://i.imgur.com/GrlTXhR.jpg
小朋友 我跟你們一起玩好不好,https://i.imgur.com/ujoa778.jpg
不用了 球送給你好了,https://i.imgur.com/YBV8puh.jpg
今晚準備要去瘋狂一下了嗎,https://i.imgur.com/6AOqLDT.jpg
我準備要去瘋狂了,https://i.imgur.com/ejow0tu.jpg
你準備要去瘋狂了嗎,https://i.imgur.com/uQ3Y1bf.jpg
海綿寶寶 派大星,https://i.imgur.com/HWE4L3m.jpg
好像有人在偷聽我們說話,https://i.imgur.com/ElvR4m4.jpg
這些人真是沒有禮貌,https://i.imgur.com/3WYxlxw.jpg
快一點 老頭,https://i.imgur.com/em8AWRd.jpg
的確是蠻讓我心碎的,https://i.imgur.com/uVaa0xq.jpg
現在跟以前都不一樣了,https://i.imgur.com/Sq0Hjrj.jpg
你們想不想再洗一遍啊 我請客,https://i.imgur.com/bREujXL.jpg
蟹老闆 你現在有瘋狂狂歡的感覺了嗎,https://i.imgur.com/MafZ9ZD.jpg
有感覺了嗎 蟹老闆,https://i.imgur.com/mmZqq2g.jpg
我有感覺 海綿寶寶,https://i.imgur.com/oYA9ivN.jpg
你又沒問,https://i.imgur.com/KGqhxbA.jpg
有了 來裸奔吧,https://i.imgur.com/vi5LMQm.jpg
派大星,https://i.imgur.com/QISH8G7.jpg
幹嘛 我想到比24還要好笑的笑話,https://i.imgur.com/ourg6mL.jpg
說來聽聽,https://i.imgur.com/F1RQqms.jpg
25,https://i.imgur.com/yC9KuGh.jpg
對啊,https://i.imgur.com/NGzUloV.jpg
我想要擊敗巨大猴子怪 拯救宇宙第九象限,https://i.imgur.com/XoZlrRE.jpg
我想要擊敗小猴子怪 拯救宇宙第八象限,https://i.imgur.com/AZJB3qX.jpg
這裡是什麼鬼地方,https://i.imgur.com/3gBSRDw.jpg
等一等 不可以,https://i.imgur.com/xlS23Ti.jpg
我的賤招都是跟他學的,https://i.imgur.com/yjglzaZ.jpg
好 我準備好了,https://i.imgur.com/m7D8z33.jpg
吐司,https://i.imgur.com/X7itn6m.jpg
壞蛋,https://i.imgur.com/butKxjQ.jpg
嚐嚐我的海星巨拳,https://i.imgur.com/pqW0DW1.jpg
她會不會唱鬆餅人那首歌,https://i.imgur.com/bVZaEJK.jpg
那麼 也許是因為你太醜了,https://i.imgur.com/iMM7wfQ.jpg
你好醜哦,https://i.imgur.com/mkyiPUf.jpg
這個故事叫醜八怪小貝貝,https://i.imgur.com/HxhPksB.jpg
從前有個醜八怪小貝貝,https://i.imgur.com/9UFwTQA.jpg
他好醜哦,https://i.imgur.com/4EDU60c.jpg
醜到大家都死光光了,https://i.imgur.com/wJKVXrF.jpg
講完了,https://i.imgur.com/V3VY4j5.jpg
從我認識你就這樣了,https://i.imgur.com/YspJvqj.jpg
好可憐的醜海綿,https://i.imgur.com/ogBu20U.jpg
尖叫,https://i.imgur.com/jD7oTcl.jpg
他又在鬼叫些什麼,https://i.imgur.com/C8MjlmI.jpg
你們這些人是怎樣,https://i.imgur.com/FpoYDcP.jpg
看看他 他好醜對不對,https://i.imgur.com/LnzRbgv.jpg
你要我們的命啊,https://i.imgur.com/XGdIweY.jpg
你把醜八怪病傳染給我了,https://i.imgur.com/AtbniRq.jpg
醜要醜得有尊嚴,https://i.imgur.com/l67G6ya.jpg
可是我以前可是個大帥哥,https://i.imgur.com/x9dvVSB.jpg
我變得跟你一樣醜了,https://i.imgur.com/h58OcUM.jpg
一些烤牛肉 幾塊炸雞 披薩,https://i.imgur.com/LHLI7Ib.jpg
我一直在想,https://i.imgur.com/4XexxGi.jpg
要是我長得跟你一樣醜,https://i.imgur.com/KM9ptEy.jpg
我該怎麼辦才好呢,https://i.imgur.com/Aa50Jsq.jpg
我媽會怎麼說呢,https://i.imgur.com/x0ekfmg.jpg
我的天啊 要是我姊姊發現了,https://i.imgur.com/vr8qJ4a.jpg
等等 我沒有姊姊,https://i.imgur.com/IY87FsZ.jpg
你到底有什麼問題啊,https://i.imgur.com/FKvVdnU.jpg
他是不是有問題,https://i.imgur.com/yJ0F8FZ.jpg
有時候我好佩服 我自己這麼聰明哦,https://i.imgur.com/RY21wgN.jpg
我從沒有聽過這麼離譜的事,https://i.imgur.com/Khl9oY5.jpg
雙胞胎,https://i.imgur.com/Hj1gjqg.jpg
我又不知道,https://i.imgur.com/B1jygo4.jpg
他們還說 我什麼事情都做不好呢,https://i.imgur.com/tMzfvzB.jpg
不 求求你 不要打我,https://i.imgur.com/aEMCeUn.jpg
準備好要接受治療了嗎,https://i.imgur.com/GryNsUS.jpg
好的 進去吧,https://i.imgur.com/IU7aYAA.jpg
他怎麼了 腦袋壞掉了,https://i.imgur.com/geG9g1q.jpg
要是我當媽媽 他可能會被我嚇到,https://i.imgur.com/IFD7zk1.jpg
你們要繼續裝可愛哦,https://i.imgur.com/37zuTBL.jpg
好啦 明天再說吧,https://i.imgur.com/9hszsCN.jpg
他的頭被兩顆椰子砸到了,https://i.imgur.com/dLTRFaj.jpg
做起來沒有看起來那麼容易,https://i.imgur.com/YxElesX.jpg
滿公道的,https://i.imgur.com/uSm7uK0.jpg
吹一次兩毛五 先生,https://i.imgur.com/07ADM5X.jpg
多學著點,https://i.imgur.com/yq00ooR.jpg
你好壞喔,https://i.imgur.com/PMDJMrH.jpg
這個地方變得越來越詭異了,https://i.imgur.com/TIs5RhF.jpg
就像個精靈,https://i.imgur.com/EV2tRud.jpg
哈囉 老頭,https://i.imgur.com/cP6Xtw9.jpg
來得快去得也快,https://i.imgur.com/tx60YCN.jpg
不客氣,https://i.imgur.com/lmyoDp7.jpg
不要難過 那只是一幅畫,https://i.imgur.com/v8zVwJ3.jpg
不要管動機了 說嗨,https://i.imgur.com/mgrjVMJ.jpg
胖呆說得對,https://i.imgur.com/Wy5QZbK.jpg
你們還我襪子 我就給你們三個願望,https://i.imgur.com/mL7mjn9.jpg
五個才行,https://i.imgur.com/f8nPgGf.jpg
四個,https://i.imgur.com/6FLZOGX.jpg
三個 要不要隨便你,https://i.imgur.com/tH2N0qN.jpg
好吧 三個,https://i.imgur.com/TNEZjzG.jpg
兩個古金幣,https://i.imgur.com/28ePTJN.jpg
塑膠的,https://i.imgur.com/HICfwd1.jpg
超酷,https://i.imgur.com/GdXyTg2.jpg
超勁爆,https://i.imgur.com/jZ05yAi.jpg
超機密,https://i.imgur.com/OqNIE2c.jpg
這個卡通快播完了啦,https://i.imgur.com/O4IDE8b.jpg
誰說的,https://i.imgur.com/yWOykML.jpg
我贏了,https://i.imgur.com/4eZ2Bwo.jpg
我們不是原始人,https://i.imgur.com/L9dFQsq.jpg
我們有最新科技,https://i.imgur.com/12IbHPG.jpg
派大星 快點抽出來,https://i.imgur.com/68iUUwR.jpg
吃一口,https://i.imgur.com/70kyasm.jpg
兄弟 我先走了,https://i.imgur.com/FwTSqlU.jpg
我以為他不會發現,https://i.imgur.com/wH7yV3r.jpg
我可以再用最後一次嗎,https://i.imgur.com/aKdV3Ak.jpg
我為什麼要問你們這些問題,https://i.imgur.com/ATiXJwX.jpg
我的媽啊 是老大耶,https://i.imgur.com/yoHyoNH.jpg
老兄 你不酷哦,https://i.imgur.com/RlMvDPY.jpg
你現在正在笑的是一個贏家,https://i.imgur.com/imnY9jf.jpg
是哦,https://i.imgur.com/BSLUu7Y.jpg
未來,https://i.imgur.com/G8YPgIG.jpg
你們一定以為我很笨吧,https://i.imgur.com/foHmv6z.jpg
可是你看我現在多優啊,https://i.imgur.com/Wkh0WWQ.jpg
眼睫毛,https://i.imgur.com/246pnkQ.jpg
嗨 你好 小朋友 今天天氣真好,https://i.imgur.com/NTJ90Rg.jpg
有種就來啊 臭老頭,https://i.imgur.com/87R0PtE.jpg
你要我們教你多少遍 你才會學乖啊 臭老頭,https://i.imgur.com/njIc9cM.jpg
我好愛小朋友哦,https://i.imgur.com/Hwer8eD.jpg
你是整個海底世界 最笨最傻最呆的大白痴,https://i.imgur.com/dqnEP8G.jpg
只有一個人比我還笨 就是你,https://i.imgur.com/xdIbCDa.jpg
你是隻海底雞,https://i.imgur.com/zDliast.jpg
你還是黃得要命,https://i.imgur.com/3bF6wS3.jpg
我會救你的 可是我要先去刷個牙,https://i.imgur.com/Y6fAfTR.jpg
管他的,https://i.imgur.com/WOMz2W1.jpg
我贏了,https://i.imgur.com/LjSrfsw.jpg
朋友,https://i.imgur.com/yZV5JF4.jpg
只是...普通朋友,https://i.imgur.com/2dBhMvB.jpg
E小調,https://i.imgur.com/89ChTP9.jpg
好棒 機會來了,https://i.imgur.com/tSTVw7G.jpg
你再怎麼叫都沒有用,https://i.imgur.com/kz9kGry.jpg
虛擬投影紅燒肉,https://i.imgur.com/61O0nSH.jpg
你應該為自己感到羞恥,https://i.imgur.com/H8rP0rS.jpg
我的美麗星期天 只剩下3個小時了,https://i.imgur.com/gdEfPu9.jpg
那隻小松鼠的麻煩大了,https://i.imgur.com/iS7kALU.jpg
翹得越高你就越炫哦,https://i.imgur.com/assipHG.jpg
有夠炫的,https://i.imgur.com/NYoXX2f.jpg
要記住 想要炫 翹小指,https://i.imgur.com/VGHmsqo.jpg
我不需要,https://i.imgur.com/t34SYDa.jpg
我需要,https://i.imgur.com/xlIkp9D.jpg
那是我所聽過最無趣的爛主意,https://i.imgur.com/zIQmAjP.jpg
你們應該感到羞恥,https://i.imgur.com/KUO7zTy.jpg
是長頸鹿耶,https://i.imgur.com/GdnHDSp.jpg
我沒空 拜拜,https://i.imgur.com/7lbEBey.jpg
反正你又不喜歡我,https://i.imgur.com/dMFtXWs.jpg
我的腦袋一定是在哪裡撞壞了,https://i.imgur.com/8h66ZNt.jpg
滾出我的腦袋,https://i.imgur.com/gVTaVgD.jpg
作夢,https://i.imgur.com/Nq1z8tn.jpg
你比我還要大隻,https://i.imgur.com/SQJo7Hw.jpg
兄弟 我可以幫你擦背,https://i.imgur.com/b6SOP6N.jpg
原來你們兩個狼狽為奸,https://i.imgur.com/1sUvKzg.jpg
派大星寶寶啦,https://i.imgur.com/ycSCIde.jpg
它是顆美麗的大石頭,https://i.imgur.com/GGoX39C.jpg
我們是在創造歷史耶 章魚哥,https://i.imgur.com/joitTUc.jpg
不要那麼說嘛,https://i.imgur.com/pioVIQx.jpg
我太沒用了,https://i.imgur.com/onN9stO.jpg
充實知識 武裝自己,https://i.imgur.com/QGYlHCv.jpg
去吃冰淇淋,https://i.imgur.com/zZAqvbf.jpg
當好糾察隊長,https://i.imgur.com/hEbYNgU.jpg
饒了我吧,https://i.imgur.com/UKJzbQx.jpg
是小瘋子,https://i.imgur.com/2oMlkYJ.jpg
我自己逮到自己,https://i.imgur.com/gku9MTb.jpg
派大星好想哭,https://i.imgur.com/zr44rij.jpg
他出現了 派大星,https://i.imgur.com/dI6CTO2.jpg
快唸台詞,https://i.imgur.com/5rDJwGT.jpg
謝謝妳 珊迪,https://i.imgur.com/RAcypBs.jpg
我好餓哦,https://i.imgur.com/xzwUSJl.jpg
拿蟹堡,https://i.imgur.com/nGywoRV.jpg
可惜海綿寶寶不在這裡,https://i.imgur.com/i9ha2lI.jpg
這是他最愛吃的,https://i.imgur.com/iPnqb56.jpg
我好希望他回來咬一口,https://i.imgur.com/cwDUN8Q.jpg
我做不到,https://i.imgur.com/woqLCMz.jpg
海綿寶寶 回來,https://i.imgur.com/qICUgGt.jpg
我好想你,https://i.imgur.com/mnielGm.jpg
珊迪也想你,https://i.imgur.com/2Rt8CCZ.jpg
連章魚哥都好想你,https://i.imgur.com/NffI2ob.jpg
大驚喜,https://i.imgur.com/TH6j7Hg.jpg
等等 鋼琴哪來的,https://i.imgur.com/TJYNpaZ.jpg
絕對撐不過十秒的,https://i.imgur.com/JlU3HvA.jpg
我的眼睛,https://i.imgur.com/aCG0nmA.jpg
知道今天是什麼日子嗎,https://i.imgur.com/A11zRXb.jpg
煩死章魚哥日,https://i.imgur.com/ZulCrKI.jpg
不對 傻瓜 那是十五號啦,https://i.imgur.com/ElZsN0M.jpg
你永遠都不能夠信任這種小人,https://i.imgur.com/XvE2Xq4.jpg
吹得好棒 章魚哥,https://i.imgur.com/8nROrbv.jpg
壞壞天神賜給我力量,https://i.imgur.com/1bLELX3.jpg
我要讓這一滴特別的辣椒醬,https://i.imgur.com/Z87nRQ7.jpg
變得非常非常的辣,https://i.imgur.com/x96OG3g.jpg
我好討厭你們,https://i.imgur.com/2PQ4KQw.jpg
請妳在嗶聲之後留下訊息吧,https://i.imgur.com/9M2Ctjk.jpg
嗶,https://i.imgur.com/pjwvBtv.jpg
你傷了我的心,https://i.imgur.com/TbrdMPe.jpg
現在我也要傷了你的什麼東東,https://i.imgur.com/flcPgt7.jpg
我討厭你 小紅心,https://i.imgur.com/3mX19EZ.jpg
派大星也需要愛,https://i.imgur.com/fOK5AnN.jpg
叢林泰山海綿寶寶 要召喚動物朋友了,https://i.imgur.com/pFgMYy6.jpg
為了衣服 不守信用也沒關係,https://i.imgur.com/y7rEEE5.jpg
我從來沒有說過那種話,https://i.imgur.com/0rQa0xY.jpg
想再看一次嗎,https://i.imgur.com/nFQ4pFW.jpg
我發現了一件可怕的事情,https://i.imgur.com/0ZnonKY.jpg
你發現什麼了,https://i.imgur.com/bd2fsQY.jpg
那傢伙神經有問題 需要看心理醫生,https://i.imgur.com/koolfgZ.jpg
那個館長呢,https://i.imgur.com/rMaHju1.jpg
不過他哭成那樣 一定是因為有人欺負他,https://i.imgur.com/n8GvOK5.jpg
你不要逼我,https://i.imgur.com/iNHz9mL.jpg
不要吵,https://i.imgur.com/3DG7k4D.jpg
很高興認識你 兄弟,https://i.imgur.com/Y7QJYX7.jpg
你朋友的雞婆會害得你很慘喔,https://i.imgur.com/GZLv1cZ.jpg
好吃,https://i.imgur.com/WQlWNB0.jpg
這樣看起來危險嗎,https://i.imgur.com/Rvhp3jT.jpg
你得放棄那個銅板,https://i.imgur.com/ANNfbV4.jpg
我們的收銀機,https://i.imgur.com/kiuscE5.jpg
我真不敢相信我的美夢會成真,https://i.imgur.com/xjkInJ8.jpg
一點都不好笑,https://i.imgur.com/xr6g5Kf.jpg
你當然無所謂了,https://i.imgur.com/lOvLWY9.jpg
要記住你跟我說的話,https://i.imgur.com/S7W6n3B.jpg
看來大家都很尊敬你,https://i.imgur.com/9fBZFf9.jpg
她要去追求更遠大的夢想,https://i.imgur.com/7bu1z1p.jpg
我不能讓他這麼做,https://i.imgur.com/InlC2c1.jpg
所以我們認為 這麼做對大家都好,https://i.imgur.com/O1d0sJg.jpg
為什麼一定要這麼做呢,https://i.imgur.com/gy2kToe.jpg
這真是太丟臉了,https://i.imgur.com/fiaxGIL.jpg
可是 它好閃亮,https://i.imgur.com/DRiOkLy.jpg
我永遠都得不到獎盃了啦,https://i.imgur.com/mk6tJ0X.jpg
獎盃耶 我從來沒有得到過獎盃,https://i.imgur.com/CgKT3Ii.jpg
你好狠的心啊,https://i.imgur.com/4QURNwL.jpg
不要說 那只會讓他更難過,https://i.imgur.com/6H6wRaY.jpg
你喜歡嗎,https://i.imgur.com/YC69JdM.jpg
我死也瞑目了,https://i.imgur.com/GtxjksE.jpg
我一整天都陪著你 做一些無聊無趣的蠢事,https://i.imgur.com/gnpvhwS.jpg
沒錯 那是我一直在等待的,https://i.imgur.com/STYE2B1.jpg
不要就是要,https://i.imgur.com/VC4gaAU.jpg
我已經盡全力了,https://i.imgur.com/9G75RCY.jpg
拿去 這是你的駕照,https://i.imgur.com/eCS1Tgd.jpg
崇拜偶像是很不健康的,https://i.imgur.com/bXcCSAV.jpg
我會跟他們說 你們全部都死於車禍意外,https://i.imgur.com/QbU5rVg.jpg
美乃滋是不是一種樂器,https://i.imgur.com/hFqo29q.jpg
當然不是了 派大星,https://i.imgur.com/B0YYeax.jpg
美乃滋不是一種樂器,https://i.imgur.com/ykyvgOr.jpg
芥末醬也不算是一種樂器,https://i.imgur.com/l8Uy5Wx.jpg
現在他短路了,https://i.imgur.com/bDaawEa.jpg
要跟別人比聰明的話呢 你永遠都是第一名,https://i.imgur.com/azz1GoN.jpg
我不明白 這裡是不是瓦斯漏氣啊,https://i.imgur.com/UmblYAA.jpg
沒有人 會想跟這麼醜的我做朋友,https://i.imgur.com/PY7wTP2.jpg
某方面來說的確滿好笑的,https://i.imgur.com/zzNtOc9.jpg
因為我已經砍斷我的雙手了,https://i.imgur.com/oCRNTqE.jpg
幸好還有黃瓜陪伴我,https://i.imgur.com/wSGPzTm.jpg
可是...可...可是,https://i.imgur.com/xGd8mvV.jpg
好了各位 我帥不帥啊,https://i.imgur.com/iZc4Ngw.jpg
我從來沒有對他 感到這麼同情過,https://i.imgur.com/1DeVtZi.jpg
沒有人會平白無故對你好 對你微笑的,https://i.imgur.com/dNUc3jk.jpg
才怪呢 我才不在乎,https://i.imgur.com/WmSMqGB.jpg
我不知道原來你這麼冷血無情,https://i.imgur.com/pHtBeoH.jpg
你太白目了吧,https://i.imgur.com/cT8gkd6.jpg
可是這不公平,https://i.imgur.com/xGWxMRg.jpg
我覺得你話中有話,https://i.imgur.com/PFXRBy1.jpg
我沒有針對任何人說什麼話,https://i.imgur.com/xfY12vI.jpg
你是在指控我什麼嗎,https://i.imgur.com/POtMpq0.jpg
我對天發誓 沒有,https://i.imgur.com/0J2kMs9.jpg
因為過了太久 從前的旁白等太久 所以就換了新的旁白,https://i.imgur.com/zcmfBbW.jpg
我是一個敗類,https://i.imgur.com/wowX31a.jpg
那是你家的事,https://i.imgur.com/GeUmQeq.jpg
他一個人好無助,https://i.imgur.com/8MC2Afj.jpg
讓我來處理好了,https://i.imgur.com/gaRyVUc.jpg
好了 不要再鬧了,https://i.imgur.com/DfOSt59.jpg
原來是他在鬧我們,https://i.imgur.com/lBEKna6.jpg
你們給我記住,https://i.imgur.com/PwXmL4b.jpg
原來這叫工作,https://i.imgur.com/6FEjYeh.jpg
我辛辛苦苦的加班,https://i.imgur.com/Pbgny6D.jpg
你就是這樣感謝我的,https://i.imgur.com/SfyGoxa.jpg
就是這樣啊,https://i.imgur.com/UQyKMO1.jpg
他說我們英俊瀟灑,https://i.imgur.com/343hjVO.jpg
嗨,https://i.imgur.com/A6RrC7E.jpg
小朋友 請你站起來自我介紹一下好嗎,https://i.imgur.com/0LRQTpw.jpg
他們在笑什麼,https://i.imgur.com/HeIdZFo.jpg
就算我不恨你 我還是超恨你,https://i.imgur.com/FFdAjqm.jpg
可是你要學會放下心中的重擔,https://i.imgur.com/4tnWKL8.jpg
我怎麼會有這種低能兒的鄰居,https://i.imgur.com/AXfgW3M.jpg
不 沒有人理我,https://i.imgur.com/HlyKQvj.jpg
不 我才是沙灘頭號大敗類,https://i.imgur.com/aqs1ayb.jpg
天啊 你沒有我想像中的笨嘛,https://i.imgur.com/Z4XocsT.jpg
不用秀給我看啦,https://i.imgur.com/2sD1HTy.jpg
路馬過要麼什為雞小,https://i.imgur.com/myJHEtY.jpg
好啦 我脫褲子,https://i.imgur.com/AZbWmwF.jpg
這裡誰是醫生啊,https://i.imgur.com/KH3jRNE.jpg
請問我會不會變成章魚燒,https://i.imgur.com/dtQ8khf.jpg
我知道今天要做什麼了,https://i.imgur.com/o0LTfKe.jpg
烤雞腿,https://i.imgur.com/G8JWuaN.jpg
那是我們徹底失敗的味道,https://i.imgur.com/9zfE6Nd.jpg
等等 讓我猜,https://i.imgur.com/0ePx3Yz.jpg
你要我立刻跑去商店,https://i.imgur.com/e3wJzMC.jpg
幫泡芙阿姨買她不需要的東西,https://i.imgur.com/hy6e3St.jpg
然後你要我再跑回來,https://i.imgur.com/QNqtMhq.jpg
讓你罵我,https://i.imgur.com/xj3Az4y.jpg
海綿寶寶 你花光了我所有的錢,https://i.imgur.com/zcDTbfB.jpg
我就會說 可是蟹老闆,https://i.imgur.com/WCd0C8V.jpg
我只是照你的話做,https://i.imgur.com/2pyZ3y3.jpg
你就會說,https://i.imgur.com/QXK4NFg.jpg
我們不是在講這個,https://i.imgur.com/4LENhsQ.jpg
或是這個,https://i.imgur.com/v8vrpPS.jpg
而是在講這個,https://i.imgur.com/aQreVnu.jpg
天啊 他沒穿衣服,https://i.imgur.com/Cq6bNmR.jpg
裸體 沒禮貌,https://i.imgur.com/ikU1tHF.jpg
恕不招待,https://i.imgur.com/AKVZaIO.jpg
明天再來...,https://i.imgur.com/luPGN5Q.jpg
太悲慘了 太不值得了,https://i.imgur.com/BaUbno5.jpg
朋友們 再見了,https://i.imgur.com/60Bk0oN.jpg
我不會記得你們的,https://i.imgur.com/pg6CpRO.jpg
我只有7塊,https://i.imgur.com/3MNvLIS.jpg
性感阿公帽,https://i.imgur.com/Vvfbvo1.jpg
好可怕哦,https://i.imgur.com/y5GVKtD.jpg
漂浮的購物清單,https://i.imgur.com/ccTgZYd.jpg
舔門把在其他星球是非法的,https://i.imgur.com/n0iov7Q.jpg
你爬回你的墳墓裡去,https://i.imgur.com/cntqyBT.jpg
快去裝死啊,https://i.imgur.com/jmDQq9f.jpg
嘿 你妹妹好嗎,https://i.imgur.com/rSDdkIO.jpg
真是幼稚,https://i.imgur.com/Pqfl0ff.jpg
派大星 你來這裡做什麼,https://i.imgur.com/aJPb3PD.jpg
每星期三的歡樂遜咖日我都會來,https://i.imgur.com/ENVX1Ch.jpg
他們已經把 歡樂遜咖日改成星期五了,https://i.imgur.com/9wM23tP.jpg
還有 今天星期一,https://i.imgur.com/lP54QqA.jpg
噢 所以是星期一 超級遜日,https://i.imgur.com/9u2AvyL.jpg
改到星期天了,https://i.imgur.com/27xLX3L.jpg
好討厭喔,https://i.imgur.com/ZznxLjX.jpg
超級遜咖歡樂屋才有星期一超遜日,https://i.imgur.com/n4aT6Bf.jpg
錯 你說的應該是怪物遜咖星期一,https://i.imgur.com/qyS7Dii.jpg
我是點餐機器人 不是奇蹟製造者,https://i.imgur.com/yRQQjog.jpg
饒了我吧,https://i.imgur.com/T0nVWbr.jpg
我以為我來上英文課的耶,https://i.imgur.com/rHdeOWy.jpg
派大星 你的蝸牛是顆石頭,https://i.imgur.com/CqlNyE6.jpg
不要浪費力氣了 海綿寶寶,https://i.imgur.com/nfvnS3E.jpg
你的雜種蝸牛 不可能跑贏我的小莉莉的,https://i.imgur.com/qdWfLRf.jpg
對不起哦,https://i.imgur.com/sVJDrqg.jpg
你們兩個好像都 忘了誰才是真正的贏家,https://i.imgur.com/YKog1NT.jpg
我的蝸牛,https://i.imgur.com/Ng7inhD.jpg
派大星 那是石頭,https://i.imgur.com/3ZHAX0e.jpg
對 謝了 我知道,https://i.imgur.com/olHaWfb.jpg
他擁有鋼鐵的意志,https://i.imgur.com/OOAT4Kn.jpg
你是站在誰的身上啊,https://i.imgur.com/WlBvb0F.jpg
海綿寶寶 我的蝸牛真的嚇到章魚哥了,https://i.imgur.com/Mk802g7.jpg
飛毛腿 拉利路·西阿伯,https://i.imgur.com/O9KqreR.jpg
你有毛病啊,https://i.imgur.com/1dhqi0u.jpg
差點沒命,https://i.imgur.com/4TojS61.jpg
我們終於找到足夠的人,https://i.imgur.com/ppm3u9f.jpg
排成了七公里打屁屁大隊,https://i.imgur.com/36jMK6t.jpg
隊伍是從這裡開始的嗎,https://i.imgur.com/8duwAJx.jpg
你在發什麼神經啊,https://i.imgur.com/1UoDe75.jpg
那不是發神經,https://i.imgur.com/aGG1xam.jpg
這才是發神經,https://i.imgur.com/FMgObM5.jpg
對不起,https://i.imgur.com/oqvo7g4.jpg
或另一邊的腋下,https://i.imgur.com/sE5bVPZ.jpg
我並不孤單,https://i.imgur.com/Yg3ljBr.jpg
我有好多好朋友在陪伴我,https://i.imgur.com/1FqPFTp.jpg
它叫做一塊,https://i.imgur.com/A04IvzX.jpg
還有薯片,https://i.imgur.com/RYdCGpL.jpg
跟垃圾紙巾打個招呼吧,https://i.imgur.com/gVxEHVn.jpg
薯片 請你送這兩位出去好嗎,https://i.imgur.com/YZ74rWR.jpg
謝謝你 薯片,https://i.imgur.com/GTVntbq.jpg
捉小灰塵,https://i.imgur.com/w6AOdi4.jpg
我好玩啊,https://i.imgur.com/IeyrqCj.jpg
真的大猩猩,https://i.imgur.com/OJwQFTt.jpg
要是我沒有回來 好好照顧小蝸,https://i.imgur.com/9O0UxYB.jpg
薯片 快救救我,https://i.imgur.com/5YVQ18M.jpg
喬治 他們在盯我們,https://i.imgur.com/Zs7jMG3.jpg
快來 有錢的小豬豬,https://i.imgur.com/3tdk84h.jpg
這是哪裡,https://i.imgur.com/0RvyEyS.jpg
小丑克拉比,https://i.imgur.com/VfhglIR.jpg
遜,https://i.imgur.com/rHm5fPR.jpg
遜爆了,https://i.imgur.com/Bf0kWgE.jpg
原來他們喜歡看我受苦受難 把快樂建築在別人的痛苦上,https://i.imgur.com/x4p6xk7.jpg
我輸了,https://i.imgur.com/k3dFbvA.jpg
你永遠只想到你自己,https://i.imgur.com/40vm2pJ.jpg
小朋友 謝謝你們來看我,https://i.imgur.com/jAwDHa6.jpg
要吃很多的美味蟹堡喔,https://i.imgur.com/xoKpXuA.jpg
藍鼻子小氣鬼,https://i.imgur.com/PwO6gSL.jpg
這就叫做適者生存,https://i.imgur.com/E903UHo.jpg
扁他,https://i.imgur.com/m8uNYSA.jpg
記下來...,https://i.imgur.com/ehIrxH5.jpg
"""瑞典海鮮球""",https://i.imgur.com/Z0Bd0eV.jpg
太不識相囉,https://i.imgur.com/USCgWqw.jpg
在你把垃圾食物丟進我的喉嚨之前,https://i.imgur.com/XVdUTJK.jpg
我一直好好的,https://i.imgur.com/L44tdZI.jpg
野海熊,https://i.imgur.com/GZ3SFhO.jpg
比奇堡八卦小報都有報導耶,https://i.imgur.com/hi8v9fS.jpg
我嫁給了野海熊,https://i.imgur.com/Sxch7xD.jpg
對啊 還有假科學月刊,https://i.imgur.com/wocvq2h.jpg
野海熊的傳說是真實的,https://i.imgur.com/y0hl7A6.jpg
我從來沒有聽過這麼愚蠢的事情,https://i.imgur.com/SVlsyZQ.jpg
也許真的很愚蠢 可是他還很笨呢,https://i.imgur.com/1PcOk0Z.jpg
不能亂開野海熊玩笑,https://i.imgur.com/3IwTAVd.jpg
有個老同學 他有個朋友...,https://i.imgur.com/q5yBFHC.jpg
他的表哥就看過,https://i.imgur.com/vKawoai.jpg
你說的對,https://i.imgur.com/gMv71Wu.jpg
首先 不可以吹豎笛,https://i.imgur.com/paLDO1G.jpg
絕對不可以拿著手電筒亂搖亂閃,https://i.imgur.com/K4D0KBL.jpg
牠們最討厭手電筒了,https://i.imgur.com/lZ2Ndtf.jpg
不要原地踏步 那等於在罵牠們,https://i.imgur.com/BbMI5Mh.jpg
千萬不要吃起司,https://i.imgur.com/RKoRneo.jpg
切片或切丁,https://i.imgur.com/x2Tt6G7.jpg
切丁的 切片沒關係,https://i.imgur.com/Q2Hw5ug.jpg
不要戴墨西哥帽,https://i.imgur.com/DCM77BN.jpg
很搞笑的戴法,https://i.imgur.com/pzh5vbY.jpg
不要穿小丑鞋,https://i.imgur.com/PCmy8Lf.jpg
別穿蓬蓬裙,https://i.imgur.com/Z7btaGw.jpg
像黑猩猩一樣的鬼叫,https://i.imgur.com/xCRjhVA.jpg
一種第六感,https://i.imgur.com/28PyqGH.jpg
不要,https://i.imgur.com/jQLtK98.jpg
野海熊一定會來吃掉我們,https://i.imgur.com/RAMzzDg.jpg
我來在地上畫出一個野海熊防護圈,https://i.imgur.com/81cq5qD.jpg
專家都說 那是防止野海熊攻擊你的唯一方法,https://i.imgur.com/aW6acKF.jpg
也許是因為你的墨西哥帽 沒有戴成很好笑的樣子,https://i.imgur.com/2dMxDbe.jpg
快 跳進我們的野海熊防護圈,https://i.imgur.com/rFECE3I.jpg
你瘋了嗎 小圈圈阻止不了那個怪物,https://i.imgur.com/fk3PbvP.jpg
不能跑 野海熊會追殺你,https://i.imgur.com/3mbpfgJ.jpg
牠們看到跛腳更喜歡追殺你,https://i.imgur.com/JrEm3s2.jpg
牠們最愛追殺爬行生物,https://i.imgur.com/amOKVTn.jpg
不知道 牠可能就是太討厭你了,https://i.imgur.com/BA0ZGdo.jpg
你可以假裝成別人啊,https://i.imgur.com/GaVjMKF.jpg
來 畫個圓圈,https://i.imgur.com/EBfADtR.jpg
那是橢圓啦 一定要很圓才行,https://i.imgur.com/bFuidrg.jpg
野海熊攻擊章魚的聲音,https://i.imgur.com/cB6GOEW.jpg
幸好我們都穿了防止海犀牛攻擊的小褲褲,https://i.imgur.com/8VN2EDM.jpg
一天中最重要的一餐,https://i.imgur.com/L9uJW34.jpg
快來吃小蝸餐,https://i.imgur.com/dx2Upwy.jpg
各位 我餵小蝸這東西好多年,https://i.imgur.com/LVk9WtB.jpg
卻不知道它的味道怎麼樣,https://i.imgur.com/L9LCSer.jpg
怎麼了 彼得森,https://i.imgur.com/hE1X9Ct.jpg
不確定欸 有一種...干擾電波,https://i.imgur.com/yGEAtoe.jpg
從來沒有吃過這麼難吃的東西,https://i.imgur.com/fCky6De.jpg
你到底是什麼時候 弄丟你的名牌的,https://i.imgur.com/T5wXZU8.jpg
對啊 派大星又是誰,https://i.imgur.com/PzmhdEX.jpg
你幹嘛吃蝸牛罐頭,https://i.imgur.com/BMNhsNI.jpg
餐來囉,https://i.imgur.com/FgXYX6l.jpg
我很不願意違背我的原則,https://i.imgur.com/c6bzpwN.jpg
不能質疑客人的意見,https://i.imgur.com/6Xq7fuJ.jpg
為什麼,https://i.imgur.com/SBiKyuq.jpg
可是我不想要新的,https://i.imgur.com/KRF2oEu.jpg
錢拿來,https://i.imgur.com/6TG6g0Y.jpg
人不是我殺的啦,https://i.imgur.com/8mhcbDb.jpg
我天才 還好啦,https://i.imgur.com/U1gR3dX.jpg
我需要你再說一次,https://i.imgur.com/XBm2Zye.jpg
我為什麼要聽你的,https://i.imgur.com/xD7Vpsb.jpg
那很特別的耶,https://i.imgur.com/AZc3TNn.jpg
你弄丟了你的名牌,https://i.imgur.com/6b7OgwE.jpg
嗨 派大星,https://i.imgur.com/O0ljMy3.jpg
等等 我才是派大星,https://i.imgur.com/w2GKk6Z.jpg
對不起 我們再試一次,https://i.imgur.com/zNhUL32.jpg
嗨 海綿寶貝,https://i.imgur.com/82MdqsV.jpg
我說 誰是海綿寶貝,https://i.imgur.com/1lZrcEi.jpg
抱歉了 各位,https://i.imgur.com/tia5aUV.jpg
我笑場了,https://i.imgur.com/NtTqMv6.jpg
有兩個人把我丟進垃圾桶,https://i.imgur.com/oPFZ0Xx.jpg
什麼味道那麼臭啊,https://i.imgur.com/kOvTej1.jpg
好希望我有鼻子,https://i.imgur.com/6y41Mq7.jpg
快跳進來 垃圾好舒服,https://i.imgur.com/WX9Jf1n.jpg
我在找了...,https://i.imgur.com/pT0mdao.jpg
派大星,https://i.imgur.com/N5mkaem.jpg
我用最快的速度在找了,https://i.imgur.com/pY2AjOw.jpg
超拉風樂團單曲CD耶,https://i.imgur.com/vEFgCwQ.jpg
誰會把他們的CD丟掉,https://i.imgur.com/DF7ldiy.jpg
你是不是看到超拉風樂團CD,https://i.imgur.com/N91sLKW.jpg
就忘了跳進垃圾桶裡面要來找什麼,https://i.imgur.com/m1K75qE.jpg
沒錯,https://i.imgur.com/9e1EDkb.jpg
我給你個提示,https://i.imgur.com/oJEvvJn.jpg
兩個字,https://i.imgur.com/XLgORqh.jpg
第一個 我的,https://i.imgur.com/Xnn7hVw.jpg
第二個 名牌,https://i.imgur.com/dJZyCCH.jpg
再給個提示好不好,https://i.imgur.com/hnoo3xT.jpg
派大星 你是在幫我還是在耍我,https://i.imgur.com/BBOXTSN.jpg
再給我個提示好不好,https://i.imgur.com/mYu5q0K.jpg
好好好 放羊的派大星,https://i.imgur.com/xSjcIQZ.jpg
要是你不想幫我找,https://i.imgur.com/QMAu7qM.jpg
你就爬回你的石頭下面去好了,https://i.imgur.com/iGaWS9V.jpg
至少我不會把我的衣服穿反了,https://i.imgur.com/4knKxce.jpg
我的老媽 什麼那麼臭啊,https://i.imgur.com/mdzpZ75.jpg
謝謝你幫我們兩個殺時間,https://i.imgur.com/qiZhMiL.jpg
請給我祖傳秘方好嗎,https://i.imgur.com/MXyJ3MO.jpg
不好,https://i.imgur.com/KeFU4HI.jpg
算了,https://i.imgur.com/8ef2xpd.jpg
他會利用偽裝,https://i.imgur.com/QeGwhdO.jpg
先進的科技,https://i.imgur.com/OXcGqPP.jpg
和平示威遊行,https://i.imgur.com/Okt1as8.jpg
要不然呢,https://i.imgur.com/bTZad2j.jpg
不知道 沒想到你會這麼問我,https://i.imgur.com/7DE1R6L.jpg
我不是好惹的,https://i.imgur.com/ugM7Hem.jpg
聽起來還不錯,https://i.imgur.com/CgaQ6Qu.jpg
我知道要怎麼樣跟他們說黑話,https://i.imgur.com/CKXMNEV.jpg
各位高貴的紳士 你們好啊,https://i.imgur.com/RddBaUu.jpg
我有一個完美的計畫 要去偷蟹堡秘方,https://i.imgur.com/cRaBwcM.jpg
我絕對不會分給你們 任何一分一毛錢的,https://i.imgur.com/tpzElPS.jpg
有誰要一起去,https://i.imgur.com/k352aDm.jpg
我不明白,https://i.imgur.com/4fQafUG.jpg
我離開家鄉實在是太久了,https://i.imgur.com/n0Vh7UV.jpg
夠了 我知道了,https://i.imgur.com/RcFvKEb.jpg
我是說 請進吧 大家不要客氣,https://i.imgur.com/arhJGFt.jpg
她真是漂亮啊 喜來登,https://i.imgur.com/Cs51nSI.jpg
你笑夠了沒有,https://i.imgur.com/P91g1E5.jpg
夠了,https://i.imgur.com/Vtm4nZ6.jpg
喝沙士怎麼樣啊,https://i.imgur.com/lh3KpGE.jpg
你幫我種了草啊,https://i.imgur.com/POm2C9L.jpg
草,https://i.imgur.com/EKXFYHG.jpg
我也恨你們浮游生物 有辦法變成一個大耳朵,https://i.imgur.com/41m3wE0.jpg
世上有一些事情 是你永遠不敢去看的,https://i.imgur.com/Ax6UFZj.jpg
我不在乎,https://i.imgur.com/N4PUc3o.jpg
請奏樂,https://i.imgur.com/7naCfkC.jpg
一小搓鹽,https://i.imgur.com/qr4WGhC.jpg
加上三茶匙的洋蔥末,https://i.imgur.com/EzhKiRw.jpg
一杯的愛心,https://i.imgur.com/fg5XaQ7.jpg
足足四磅的新鮮浮游生物,https://i.imgur.com/UrpOlc6.jpg
你為什麼不跑,https://i.imgur.com/ahUW6IM.jpg
我不識字,https://i.imgur.com/wTFy6Mr.jpg
給我滾,https://i.imgur.com/UETh73I.jpg
讓我來猜 藏在你家 你的床墊下面,https://i.imgur.com/9ZBM1A5.jpg
我恨你 章魚哥,https://i.imgur.com/H2zSFfe.jpg
蟹堡王 美味蟹堡的家,https://i.imgur.com/hQw7r0y.jpg
我等這刻已經等了好久,https://i.imgur.com/zhTbTRA.jpg
我要進去裡面,https://i.imgur.com/p2AHebO.jpg
直接找老闆談,https://i.imgur.com/h8K6eXI.jpg
緊盯他的雙眼,https://i.imgur.com/AXaT60C.jpg
跟他撂狠話,https://i.imgur.com/x5pV7Jx.jpg
我不夠優,https://i.imgur.com/IVHVGwf.jpg
是誰老是說 要點餐了嗎,https://i.imgur.com/KJqA73q.jpg
是誰用牙籤做出了 史上最酷的鍋鏟,https://i.imgur.com/DXNiVaZ.jpg
誰是身上有洞的黃色方塊,https://i.imgur.com/OSGWbfB.jpg
"""敗類""",https://i.imgur.com/QptWsHa.jpg
我準備好了,https://i.imgur.com/rfuIEwY.jpg
不行,https://i.imgur.com/6oDZGQY.jpg
你好壞喔,https://i.imgur.com/xnw5S9v.jpg
那種特別的臭味,https://i.imgur.com/u1JPp6l.jpg
很臭的特別的臭味,https://i.imgur.com/EaMSqO2.jpg
沙丁魚,https://i.imgur.com/gAlJ4U2.jpg
平價超市 要買什麼鍋鏟通通有,https://i.imgur.com/miewKjv.jpg
殺進廚房,https://i.imgur.com/EHgRSSi.jpg
早安 蟹堡王店員,https://i.imgur.com/6LANu6w.jpg
地松鼠,https://i.imgur.com/3Nj1qwP.jpg
我會武功欸,https://i.imgur.com/z6P6Wtu.jpg
看我的碎石絕招,https://i.imgur.com/sk4c7T6.jpg
你頭上那是什麼東西啊,https://i.imgur.com/PgHtb2V.jpg
我要離開這裡,https://i.imgur.com/ZQ8ALB7.jpg
用這個滅火,https://i.imgur.com/8af2X3o.jpg
這是你的黃金蟹堡鍋鏟,https://i.imgur.com/u4vwh4O.jpg
他會回來的,https://i.imgur.com/i1acYy6.jpg
沒想到我們的友誼會這麼珍貴,https://i.imgur.com/0nRYIId.jpg
你真的要送我一大罐美乃滋嗎,https://i.imgur.com/yzjIcov.jpg
還有這些舊電話簿,https://i.imgur.com/nZLoAoz.jpg
忠實老朋友,https://i.imgur.com/vNpUTzV.jpg
我不需要這個了,https://i.imgur.com/fZ4w83r.jpg
他把褲子脫掉了,https://i.imgur.com/TISF73w.jpg
他撐不了一星期,https://i.imgur.com/zmUEABT.jpg
他撐不了十一分鐘,https://i.imgur.com/zJsLBWG.jpg
如果我不能當你的朋友,https://i.imgur.com/X17HcdS.jpg
我就要擁有你的標本,https://i.imgur.com/ZgVF781.jpg
我還幫你挑了很酷的標本罐,https://i.imgur.com/TJZQEMC.jpg
我祝你幸福,https://i.imgur.com/GnH9mHR.jpg
有毒的小海膽,https://i.imgur.com/7eWbQRu.jpg
你說完了沒有,https://i.imgur.com/vMuGz51.jpg
好的 果然不出我所料,https://i.imgur.com/m0E6coo.jpg
這絕對是一隻蝸牛,https://i.imgur.com/RsqNh0v.jpg
我就知道,https://i.imgur.com/aIGyFbH.jpg
我太膽小了,https://i.imgur.com/9bnO91G.jpg
我瘋掉了嗎,https://i.imgur.com/YDwtYfM.jpg
晚安 豎笛,https://i.imgur.com/IMKROJi.jpg
不要吵好嗎,https://i.imgur.com/F2ADWLF.jpg
不知道那會是誰啊,https://i.imgur.com/HsTDt4a.jpg
他不喜歡跟我們玩耶,https://i.imgur.com/3cEe3Xs.jpg
我永遠都不會好 你不懂嗎,https://i.imgur.com/YGvUT6y.jpg
我馬上來,https://i.imgur.com/yuLFeM1.jpg
我的美味蟹堡啊,https://i.imgur.com/4YlSFOP.jpg
凍成冰塊的章魚怪,https://i.imgur.com/QWOYe0Y.jpg
你好 原始生物,https://i.imgur.com/geHyhq8.jpg
歡迎光臨未來,https://i.imgur.com/jCqAoMe.jpg
未來的一切都是亮晶晶的,https://i.imgur.com/tHqJIE3.jpg
是真的,https://i.imgur.com/eqwJO9X.jpg
謝了,https://i.imgur.com/fa9INNi.jpg
我不屬於這裡,https://i.imgur.com/eDETpZh.jpg
這是一個可怕的錯誤,https://i.imgur.com/F5rU6AG.jpg
我們一定要做點什麼,https://i.imgur.com/EWfrXXM.jpg
時光機就在走廊盡頭房間裡,https://i.imgur.com/46MoSGe.jpg
那間一定是開罐機室,https://i.imgur.com/RwpKw90.jpg
嗨 你好,https://i.imgur.com/nIB1C1w.jpg
你們應該捉住這個東西,https://i.imgur.com/gNcczvr.jpg
不是用它來自虐,https://i.imgur.com/DW6O3Lh.jpg
遮羞布給我一塊,https://i.imgur.com/lq2E5II.jpg
這樣應該可以讓日子好過一點了,https://i.imgur.com/5pb4HZ5.jpg
爛手氣,https://i.imgur.com/nn3HsQQ.jpg
獨處,https://i.imgur.com/oxFXucN.jpg
是哪個討厭鬼發明了這種爛遊戲,https://i.imgur.com/ll30cg4.jpg
你們魚類走進海鮮區說,https://i.imgur.com/q5IYCwg.jpg
誰會吃這種東西,https://i.imgur.com/mnjqGpd.jpg
我好愛這節目,https://i.imgur.com/dGLlhng.jpg
瘋狂全倒小松鼠球,https://i.imgur.com/U81ftph.jpg
你活該 笨海綿,https://i.imgur.com/65T8WRs.jpg
你有沒有聽說過 小松鼠變成罐頭肉的故事,https://i.imgur.com/0LXmsG7.jpg
嗨 植物,https://i.imgur.com/UdTJdO7.jpg
罐頭堆,https://i.imgur.com/ikgP6Y7.jpg
"""整人玩具""",https://i.imgur.com/HyfxZom.jpg
你終於買假髮啦,https://i.imgur.com/tXeRNyd.jpg
我還會這招,https://i.imgur.com/zk0vu6U.jpg
我受夠了,https://i.imgur.com/GtrD3a7.jpg
那會毒害你的心靈,https://i.imgur.com/hoaE6B3.jpg
哺乳動物,https://i.imgur.com/zktzSJA.jpg
變成植物人,https://i.imgur.com/xC1HvRW.jpg
我是白痴,https://i.imgur.com/YE8xcn4.jpg
你死定了,https://i.imgur.com/C23RJFA.jpg
不要作夢了,https://i.imgur.com/GdBfsdG.jpg
我愛賺錢道,https://i.imgur.com/376iVVq.jpg
大家早,https://i.imgur.com/EkBVgfo.jpg
生意挺好的嘛,https://i.imgur.com/9YKzeTW.jpg
首先我們要這樣,https://i.imgur.com/koFMUCk.jpg
轉圈圈,https://i.imgur.com/aToS1Ri.jpg
停,https://i.imgur.com/ibHJxZ3.jpg
甩頭 甩三次,https://i.imgur.com/0Wifpvr.jpg
然後 猛力衝刺,https://i.imgur.com/Y4uXoYX.jpg
用右腳停下來 不要忘了,https://i.imgur.com/HiWP1Qs.jpg
現在再來繞個大圈圈,https://i.imgur.com/2Au0dgk.jpg
繞個大圈圈,https://i.imgur.com/ROMH9nZ.jpg
然後這樣 那樣,https://i.imgur.com/RAe1N5o.jpg
請問有誰訂了 二十份沙子臘腸披薩呢,https://i.imgur.com/X5NE8xh.jpg
看好囉,https://i.imgur.com/T6C7fHn.jpg
為什麼,https://i.imgur.com/u6mrMGA.jpg
靠近一點,https://i.imgur.com/6YZXzfg.jpg
我需要...,https://i.imgur.com/9sJbmiC.jpg
你要什麼,https://i.imgur.com/P3hmTaZ.jpg
針線包,https://i.imgur.com/5os8Lab.jpg
因為我的褲子又破了,https://i.imgur.com/7OMgLOZ.jpg
慘哦,https://i.imgur.com/631U1sk.jpg
我們糗大了 褲子,https://i.imgur.com/7mFWiaX.jpg
是你糗大了,https://i.imgur.com/LGKLePt.jpg
你不要開玩笑了,https://i.imgur.com/wz64Rke.jpg
你最好去照鏡子看一看,https://i.imgur.com/oqzENy0.jpg
我醜斃了,https://i.imgur.com/KJZInH3.jpg
可以借我一點浴鹽嗎,https://i.imgur.com/mCaLcqP.jpg
我好欠扁,https://i.imgur.com/b8lwxB5.jpg
我好醜,https://i.imgur.com/yakksrQ.jpg
你好醜 然後呢,https://i.imgur.com/afQhWxZ.jpg
又好方,https://i.imgur.com/grVSmL3.jpg
不對 驕傲,https://i.imgur.com/uEYmuKa.jpg
我好醜 我很驕傲,https://i.imgur.com/CvR71Yc.jpg
這樣點心吧一定沒人排隊了,https://i.imgur.com/AsT2n9Y.jpg
拿去 我的錢給你,https://i.imgur.com/nQSgqBd.jpg
我的手沒那麼髒吧,https://i.imgur.com/stjHYtj.jpg
你們想不想聽廁所笑話呢,https://i.imgur.com/sOWLcX5.jpg
我得了醜八怪病,https://i.imgur.com/KzJJFkb.jpg
好險哦,https://i.imgur.com/6cSySp0.jpg
聖代,https://i.imgur.com/aJx5Y6m.jpg
我們不醜 只是臭臭,https://i.imgur.com/oUmYvcA.jpg
我好失望啊,https://i.imgur.com/PQ4pM2D.jpg
說魚魚到,https://i.imgur.com/0w2ngS4.jpg
你知道這代表什麼嗎,https://i.imgur.com/7UA9wsn.jpg
我們不能接受,https://i.imgur.com/uJ40F5R.jpg
所以我們要共同合作 維護我們可悲的尊嚴,https://i.imgur.com/Bx0Wh1b.jpg
你好 柱子,https://i.imgur.com/jcAJGZf.jpg
箱子裡有什麼,https://i.imgur.com/SXliXnE.jpg
我喜歡驚喜,https://i.imgur.com/I1fOUEe.jpg
好吧 目前沒問題,https://i.imgur.com/47oFoNr.jpg
真是馬屁精,https://i.imgur.com/mIzNHnb.jpg
你看起來比平常還要可笑,https://i.imgur.com/lvBbg8I.jpg
你真的好有品味哦,https://i.imgur.com/ciOVyJ5.jpg
沙拉跟茶,https://i.imgur.com/KV9ist4.jpg
不要再把我折成兩半了,https://i.imgur.com/UOmMvtK.jpg
這麼做才對,https://i.imgur.com/6pvqdSz.jpg
這只花了我一年的薪水耶,https://i.imgur.com/iwNoOF0.jpg
再連絡,https://i.imgur.com/Zk3Zwsv.jpg
可能是他不喜歡我們吧,https://i.imgur.com/xiRUGeq.jpg
他們真好騙啊,https://i.imgur.com/t7VEYXK.jpg
他回來了,https://i.imgur.com/vKAONLa.jpg
聖誕快樂,https://i.imgur.com/XpcAfxF.jpg
"""最棒的一天""",https://i.imgur.com/VKwbaDN.jpg
好好握緊你的網子,https://i.imgur.com/fdvstVV.jpg
搞定了,https://i.imgur.com/FrMAFNO.jpg
明天一定會更好,https://i.imgur.com/stJTNK8.jpg
你該不會還在生氣吧,https://i.imgur.com/STXoZeR.jpg
對 他還在氣,https://i.imgur.com/n688Rh1.jpg
你笑死我了 海綿寶寶,https://i.imgur.com/Vd2MFb8.jpg
我真的快死了,https://i.imgur.com/RNFdlyX.jpg
我發誓不是我用的,https://i.imgur.com/O5gmip4.jpg
我上過大學的,https://i.imgur.com/uylYL3y.jpg
夠了 沒那麼好笑,https://i.imgur.com/LiPNqvn.jpg
你這個方塊小呆頭,https://i.imgur.com/qlPLt63.jpg
我們都是無脊椎動物對吧,https://i.imgur.com/WObyWZR.jpg
你跟我做朋友的目的 就是為了偷學美味蟹堡秘方,https://i.imgur.com/XklaXjD.jpg
我相信明天根本就不是你的生日,https://i.imgur.com/KA4CK6S.jpg
你這個弱智呆頭,https://i.imgur.com/eg6xj3o.jpg
你完了 呆頭,https://i.imgur.com/71flYxe.jpg
今天就不穿褲子好了,https://i.imgur.com/ZfVTbOg.jpg
給我閉嘴 你這個三流的豎笛樂手,https://i.imgur.com/P6wSY98.jpg
三流的,https://i.imgur.com/ERM4xL1.jpg
你這個沒天分 沒地位的沒用樂手,https://i.imgur.com/Xipt2p6.jpg
你的音樂作品就跟 海底垃圾一樣沒有任何價值,https://i.imgur.com/1dPEqoY.jpg
我的拉布拉多犬,https://i.imgur.com/4jDqm5K.jpg
我給你看過我的留聲機嗎,https://i.imgur.com/Eforlfa.jpg
海草 50%的海 50%的草,https://i.imgur.com/4m85WJM.jpg
皮老闆 1%邪惡 99%熱毒氣,https://i.imgur.com/1rn8Fz3.jpg
我有夠衰的,https://i.imgur.com/RYQVd78.jpg
無聊 我要看到血流成河,https://i.imgur.com/hk1NYNn.jpg
今天是我生日,https://i.imgur.com/SPaDLAG.jpg
永遠不能拒絕客人 就算是大爛客人也一樣,https://i.imgur.com/BNcaTgG.jpg
有的時候 我就是好想逃離那一切,https://i.imgur.com/BBgC76Y.jpg
我不知道還要考試,https://i.imgur.com/awvZ13U.jpg
我又沒有唸書,https://i.imgur.com/TIUE0C1.jpg
拜託你 不要偷看好不好,https://i.imgur.com/kCY7qsy.jpg
這是家飯店,https://i.imgur.com/2mpkFpX.jpg
我怎麼過日子不關你的事,https://i.imgur.com/voWWVT4.jpg
我怎麼知道 你去問我媽呀,https://i.imgur.com/sIRYuHx.jpg
那是家飯店,https://i.imgur.com/6AEcOvu.jpg
這是一家醫院,https://i.imgur.com/yho1Sdv.jpg
是個大驚喜,https://i.imgur.com/Lil3YCH.jpg
章魚獨奏E小調,https://i.imgur.com/rVT00Zn.jpg
就這三個了,https://i.imgur.com/ddkCMpv.jpg
我會修好的,https://i.imgur.com/aCkEVZ3.jpg
一起玩小鴨鴨,https://i.imgur.com/uwicpxJ.jpg
我不想跟那個瘋子坐在一起,https://i.imgur.com/laHghQQ.jpg
這是一場大騙局,https://i.imgur.com/MwhdBpT.jpg
我還沒有喝到耶,https://i.imgur.com/HCol2A1.jpg
派大星 你還有滿滿一杯,https://i.imgur.com/LWmSREq.jpg
早知道我就不要回來了,https://i.imgur.com/iX8AnWU.jpg
太棒了 去別的地方和好,https://i.imgur.com/mz6Ppcv.jpg
他忌妒我們,https://i.imgur.com/xsKoHAQ.jpg
好可憐哦,https://i.imgur.com/vHdNguL.jpg
小兄弟 我再也不需要你了,https://i.imgur.com/T5OEPJX.jpg
下一個就輪到我了,https://i.imgur.com/uzhR16Y.jpg
我才不信呢,https://i.imgur.com/eWDeFN3.jpg
他又來了,https://i.imgur.com/srucd6O.jpg
上船吧,https://i.imgur.com/UP0HNVP.jpg
衝出去,https://i.imgur.com/2B5KxBX.jpg
沒錯 不...別衝出去,https://i.imgur.com/QRsCRl1.jpg
好的 衝出去,https://i.imgur.com/qyZ0tF1.jpg
我要給你一個驚喜哦,https://i.imgur.com/lbQjamZ.jpg
大腳趾,https://i.imgur.com/c1mPCUz.jpg
我們還沒撞船耶,https://i.imgur.com/O34PYGK.jpg
泡芙阿姨 我作弊,https://i.imgur.com/MZyMhVj.jpg
沒關係 今天可以作弊,https://i.imgur.com/dXCBAoF.jpg
我是作弊鬼,https://i.imgur.com/j3aFrdE.jpg
我原諒你,https://i.imgur.com/JfEXJfk.jpg
我現在就想回家,https://i.imgur.com/hJW7QQo.jpg
我們的外送章魚馬上送過去,https://i.imgur.com/cMGSmB0.jpg
好主意 帶他一起去,https://i.imgur.com/aiCpA8U.jpg
我不是那個意思,https://i.imgur.com/g0ZXWXP.jpg
輪胎胎壓,https://i.imgur.com/U91wljA.jpg
這是鳥不生蛋的地方,https://i.imgur.com/jZny26K.jpg
我怎麼會這麼倒楣呢,https://i.imgur.com/joruSzw.jpg
卡車 十六輪的,https://i.imgur.com/v6g4ZYb.jpg
秀給你看老祖先怎麼搭便車,https://i.imgur.com/b7zVdSG.jpg
小怪物 給我讓開,https://i.imgur.com/JBuHSTt.jpg
不行 這是客人的,https://i.imgur.com/FJ6O2xJ.jpg
誰在乎什麼客人啊,https://i.imgur.com/ZHwBKBf.jpg
我在乎,https://i.imgur.com/isDGaAn.jpg
我不在乎,https://i.imgur.com/gUY5air.jpg
青苔這邊就是文明世界,https://i.imgur.com/APKXNb7.jpg
你我都愛的好披薩,https://i.imgur.com/lKkqfKz.jpg
我聽說以前老祖先 都是吃珊瑚充飢的,https://i.imgur.com/JOWdRS8.jpg
不要逼我對你不客氣,https://i.imgur.com/WiAJFij.jpg
你看 我們得救了,https://i.imgur.com/yBWSl9b.jpg
那只是一個大岩石罷了,https://i.imgur.com/2RPB24t.jpg
它不只是大岩石 它是石頭 大石頭,https://i.imgur.com/3KpDaGH.jpg
老祖先曾經駕駛這些寶貝上路,https://i.imgur.com/YDmBhU3.jpg
你有沒有注意到 他們早就已經不存在了,https://i.imgur.com/CLlfHsM.jpg
不要走 智多星,https://i.imgur.com/c5TVEYT.jpg
我的飲料 低糖蝦味沙士,https://i.imgur.com/NOZo6TN.jpg
你該不會忘了送飲料了吧,https://i.imgur.com/KM0Vw5T.jpg
沒有飲料的話 你是叫我怎麼吃披薩,https://i.imgur.com/wGw1IQz.jpg
難道你就不會替客人著想嗎,https://i.imgur.com/OIC3jhf.jpg
你算哪門子的外送人員,https://i.imgur.com/zGfho7b.jpg
這份披薩我來請客,https://i.imgur.com/uaU73cn.jpg
走路,https://i.imgur.com/NZzB4wQ.jpg
很餓,https://i.imgur.com/O7Uq4a3.jpg
還是很餓,https://i.imgur.com/ADLXyq7.jpg
討厭的線蟲,https://i.imgur.com/FLPfrtS.jpg
很渴,https://i.imgur.com/oyNmWti.jpg
我們終於長大了,https://i.imgur.com/qC13xjX.jpg
害慘章魚哥的時候又到了,https://i.imgur.com/IdKnxk9.jpg
我有一個壞消息,https://i.imgur.com/HiJ5gda.jpg
章魚好捨不得你,https://i.imgur.com/uDP1thz.jpg
我們來當石友(室友之意),https://i.imgur.com/lMOFDdl.jpg
臭蜘蛛...,https://i.imgur.com/fg0UTGS.jpg
不要逗我開心了 海綿寶寶,https://i.imgur.com/qFhhbmx.jpg
拜託,https://i.imgur.com/M1w7Y1Z.jpg
你是我最美好的回憶,https://i.imgur.com/yTovpfM.jpg
我家長回來了,https://i.imgur.com/QJnok8i.jpg
我慘了,https://i.imgur.com/GVA9F7W.jpg
我一直不知道怎麼綁鞋帶,https://i.imgur.com/jKiLlY9.jpg
你知道有我這種朋友 你有多幸運嗎,https://i.imgur.com/qfym68W.jpg
天啊 超完美的,https://i.imgur.com/OFrZ1rw.jpg
我不會再亂講話了,https://i.imgur.com/Xlt5M8i.jpg
因為你要去領失業救濟金了,https://i.imgur.com/SPlB1Va.jpg
怎麼那麼慢啊,https://i.imgur.com/R4hv5VJ.jpg
我的肚子快要爆掉了,https://i.imgur.com/dmakuNo.jpg
我的前途毀了,https://i.imgur.com/qU61bK0.jpg
好極了 這樣我們走定了,https://i.imgur.com/avCUIzL.jpg
全部出來,https://i.imgur.com/hr54KIx.jpg
我只是一張圖畫而已,https://i.imgur.com/yinS2Ej.jpg
蝴蝶餅結,https://i.imgur.com/Yk68G1D.jpg
雙鑽石結,https://i.imgur.com/YCSBjWB.jpg
方塊繩結,https://i.imgur.com/ffNkq0N.jpg
大蟒蛇結,https://i.imgur.com/OLxSBrX.jpg
內臟結,https://i.imgur.com/7TLnkKj.jpg
枕頭結,https://i.imgur.com/Sp4bSfu.jpg
飛飛蝴蝶結,https://i.imgur.com/bHKlDIE.jpg
猴子爬樹結,https://i.imgur.com/13Pz4da.jpg
猴子拳頭結,https://i.imgur.com/J3JIux9.jpg
猴子結,https://i.imgur.com/6EIE1p8.jpg
繩圈結 也就是所謂的繩圈,https://i.imgur.com/S47wTCR.jpg
不過有時候我喜歡 在我的惡鬼小尾巴上套隻襪子,https://i.imgur.com/2mVRixU.jpg
我在跟別人交往,https://i.imgur.com/8ySNSL6.jpg
爺爺,https://i.imgur.com/GiFNgPE.jpg
人生就是不公平 早點習慣吧,https://i.imgur.com/yni6cgD.jpg
我好孤單,https://i.imgur.com/483Chpb.jpg
你別緊張好不好,https://i.imgur.com/ovx8ACn.jpg
我的三明治就是靴子,https://i.imgur.com/lP4DQpY.jpg
藍冠透明水母,https://i.imgur.com/PbWOY0d.jpg
小花花水母,https://i.imgur.com/HmfkgiH.jpg
雙拳跳跳水母,https://i.imgur.com/UA5zK5Q.jpg
超毒的黃金刺水母,https://i.imgur.com/IJrtqCy.jpg
我的笨網網 一隻水母都沒有抓到,https://i.imgur.com/hXXhpKL.jpg
碳纖材質把柄,https://i.imgur.com/XH3DSsX.jpg
鈦合金精緻細網,https://i.imgur.com/USBOqx0.jpg
還有超好握的矽膠把手,https://i.imgur.com/T2MV0nQ.jpg
給我一支要我死也可以,https://i.imgur.com/YADTGR1.jpg
我可以拿紅蘿蔔來換,https://i.imgur.com/PIDUqpx.jpg
穿了一件褲子以後,https://i.imgur.com/z0gmTbI.jpg
你們太可憐了,https://i.imgur.com/HLZjAdk.jpg
他叫老實說熊熊,https://i.imgur.com/SryxVTY.jpg
他非常特別 可以把秘密都告訴他,https://i.imgur.com/xJcRTMD.jpg
我最近做了一件 非常可恥的事情,https://i.imgur.com/4y6TkM4.jpg
可是 我不是故意的,https://i.imgur.com/cY4HM32.jpg
很自然就發生了,https://i.imgur.com/8IOTpcZ.jpg
快告訴老實說熊熊,https://i.imgur.com/fMuSUVE.jpg
我不小心把海綿寶寶的牙刷 丟進馬桶裡面,https://i.imgur.com/DJO7ChK.jpg
然後沒有拿去洗 就把它放回他的牙刷架,https://i.imgur.com/wfIfqnr.jpg
你在生我的氣 老實說熊熊,https://i.imgur.com/OMMn1Z2.jpg
哪條街說的,https://i.imgur.com/AHzhkKY.jpg
是不是這條,https://i.imgur.com/joPR3Jj.jpg
不要那麼長舌好不好,https://i.imgur.com/qYGUUXB.jpg
我付你十億美金來跟你買,https://i.imgur.com/cbImqJe.jpg
為什麼你要變成八字鬍怪叔叔,https://i.imgur.com/zaIeAgM.jpg
這裡還有什麼值得留念的呢,https://i.imgur.com/Go24mEu.jpg
你每一次都這樣,https://i.imgur.com/KVPkQIE.jpg
你只要一聲令下 我就會為你拚死拚活,https://i.imgur.com/mXpkhXh.jpg
只要來消費 就送一雙免費的襪子,https://i.imgur.com/VldyuWp.jpg
你怎麼可能會有什麼才華呢,https://i.imgur.com/5Yqk9vQ.jpg
就連你爸媽都不會想看的,https://i.imgur.com/vC6KFuN.jpg
那個傢伙有文化水準 根本是天大的笑話,https://i.imgur.com/BpF6MbS.jpg
別想了 這機會是我的,https://i.imgur.com/1kJEgy1.jpg
神奇的超強吸水先生,https://i.imgur.com/QGKbdoj.jpg
要我做什麼都可以,https://i.imgur.com/02NJZi4.jpg
拜託你不要再來煩我了好不好,https://i.imgur.com/Wi7xW7D.jpg
原來這就是成名的滋味,https://i.imgur.com/sO0HJaO.jpg
有了拖把 我會大紅大紫的,https://i.imgur.com/2XjiwCJ.jpg
我的小寶貝要成為大明星了,https://i.imgur.com/opkeK97.jpg
給我一個蟹,https://i.imgur.com/GYsiTEw.jpg
給我一個堡,https://i.imgur.com/Vz9mhFb.jpg
蟹堡王,https://i.imgur.com/WPXi9ux.jpg
這真是驚天動地啊,https://i.imgur.com/CCVMH7k.jpg
你們好沒水準,https://i.imgur.com/IToIX6q.jpg
冷靜 不要衝動,https://i.imgur.com/IZR2z44.jpg
我們居然可以近距離觀賞決鬥耶,https://i.imgur.com/VpG5Lj4.jpg
把他給宰了,https://i.imgur.com/akl2X6Q.jpg
不要吵 叛徒,https://i.imgur.com/Z5d1gL4.jpg
你在跟我說話嗎,https://i.imgur.com/5q8hN0F.jpg
滾開啦 臭小鬼,https://i.imgur.com/FfDLW5R.jpg
在這裡要怎麼做 才能吃到大雞腿,https://i.imgur.com/cCpq3g0.jpg
我家的水龍頭好像沒關耶,https://i.imgur.com/I0rQas4.jpg
一切全都是你的錯,https://i.imgur.com/ghh1IVF.jpg
你應該送上斷頭台,https://i.imgur.com/6fbOJAT.jpg
關於這一點 我不知道還能說什麼,https://i.imgur.com/lO9RGFP.jpg
那在那裡多久了,https://i.imgur.com/ImwIo8W.jpg
我們變成高貴勇猛的戰士了,https://i.imgur.com/6AMZ4AC.jpg
我為你打造的斬龍神劍,https://i.imgur.com/3SyQ3Gb.jpg
這可能要縫好幾針,https://i.imgur.com/yrwEXNQ.jpg
惡名昭彰的黑騎士,https://i.imgur.com/OzS6EGz.jpg
氣泡水還是礦泉水,https://i.imgur.com/rA4v7gI.jpg
騙你的,https://i.imgur.com/XqDi8fh.jpg
準備被我摧毀吧,https://i.imgur.com/2JuD47n.jpg
不愛聽就算了,https://i.imgur.com/Llt5n8z.jpg
我就在這裡我都不相信了,https://i.imgur.com/WACj7lL.jpg
小笨龍 你在搞什麼飛機,https://i.imgur.com/ubKqjCG.jpg
好刺耳的聲音,https://i.imgur.com/ciqF8ci.jpg
不要吹了,https://i.imgur.com/dqTomFx.jpg
多點洋蔥的來囉,https://i.imgur.com/ahnoZKT.jpg
讓我猜猜看,https://i.imgur.com/6E33Ixb.jpg
奶昔也焦了,https://i.imgur.com/QfqIskF.jpg
真的很抱歉 你以後不能夠在這裡工作了,https://i.imgur.com/oWfxPGi.jpg
時候到了,https://i.imgur.com/RRDzOxS.jpg
還有我的車鑰匙,https://i.imgur.com/tK9uONI.jpg
你超遜的,https://i.imgur.com/VTNOPYA.jpg
不求人抓抓背 快樂抓抓小手,https://i.imgur.com/KRG8535.jpg
他說 裡面好黑哦,https://i.imgur.com/WKaJm87.jpg
因為我是個大敗類,https://i.imgur.com/p5uLfPa.jpg
我剛剛發明了平行宇宙,https://i.imgur.com/J6ldMsf.jpg
我的創意老是被人家給偷走,https://i.imgur.com/2tqGBI8.jpg
我完全不知道你在說什麼,https://i.imgur.com/e55eg71.jpg
我從前超呆的,https://i.imgur.com/G8Q7zgc.jpg
全自動抓抓背加剪頭髮 加拔鼻毛四弦琴調音機9000,https://i.imgur.com/6QRARvJ.jpg
他把我們的錢花在這個上面,https://i.imgur.com/w9ACNz2.jpg
你看起來好像 不太重視個人衛生哦,https://i.imgur.com/iR78q0u.jpg
謝謝你 沒用的實習生,https://i.imgur.com/Tj3aPc1.jpg
叫我派大星教授加博士先生,https://i.imgur.com/NduEE0N.jpg
噢不 超強海漩渦,https://i.imgur.com/UEt7CQ4.jpg
是不是來修電視的啊,https://i.imgur.com/LF6310e.jpg
可惜他們太老了,https://i.imgur.com/YUTdTIY.jpg
你到底想怎樣,https://i.imgur.com/ylSpZKo.jpg
你再不滾蛋的話 海王星賜給我超能力,https://i.imgur.com/KFBtwsq.jpg
我宣布你們是夫妻了,https://i.imgur.com/3YSfRQK.jpg
你們到底在搞什麼鬼,https://i.imgur.com/O360Den.jpg
你可以親新娘了,https://i.imgur.com/EDrNHjs.jpg
他們重出江湖了沒,https://i.imgur.com/nZK9JQA.jpg
沒有 不過我結婚了,https://i.imgur.com/K1pdgoJ.jpg
給我站住 老太婆,https://i.imgur.com/SQrEIly.jpg
不是我 臭老頭,https://i.imgur.com/fsuJyi0.jpg
他吸進去了,https://i.imgur.com/sUr8BBg.jpg
狗爬式...,https://i.imgur.com/LaLUZYW.jpg
快掐我 我一定是在作夢,https://i.imgur.com/e5dUCzg.jpg
新的一季比以前好看多了,https://i.imgur.com/VoUToIE.jpg
好辣的美眉,https://i.imgur.com/fZUsuGg.jpg
希望不會又射歪了,https://i.imgur.com/0gyITGx.jpg
快用你的光頭來保護我,https://i.imgur.com/RCxBdRN.jpg
打死我我也不會接受 你這種白癡決定,https://i.imgur.com/c0Ozvc3.jpg
那不然你到底要我怎麼樣嘛,https://i.imgur.com/aTD4FVi.jpg
勝利尖叫,https://i.imgur.com/tXgMsaD.jpg
給我滾 野蠻人,https://i.imgur.com/EdCzzEg.jpg
抱緊我的金剛屁屁用力拉,https://i.imgur.com/OMVD9vS.jpg
手啊,https://i.imgur.com/fqqhRrj.jpg
噢不 又來了,https://i.imgur.com/2Dau3kK.jpg
你可以戴兩頂帽子,https://i.imgur.com/5Cx80MV.jpg
這是我生命中最美好的一天,https://i.imgur.com/wVe8p1d.jpg
我也是,https://i.imgur.com/HMmbMZ6.jpg
我到底在做什麼,https://i.imgur.com/08FkshO.jpg
你是那什麼口氣啊,https://i.imgur.com/e6yd2qa.jpg
我會再來的,https://i.imgur.com/QbTZ5J1.jpg
你就是不肯放過我對吧,https://i.imgur.com/IHZwaZw.jpg
不知道我這麼做 會帶來什麼可怕的後果,https://i.imgur.com/WYX6cyj.jpg
再來點海草 親愛的,https://i.imgur.com/wJVfYH3.jpg
我一定要糾正他們所犯的錯誤,https://i.imgur.com/YARPzRl.jpg
我是闖空門的小瘋子,https://i.imgur.com/ZeZkh6a.jpg
我的冰淇淋會說話,https://i.imgur.com/rJa5inb.jpg
我是個壞人,https://i.imgur.com/zxqDuVj.jpg
可憐的菜鳥,https://i.imgur.com/Giabx26.jpg
野生動物瘋起來是很可怕的,https://i.imgur.com/dnymiDh.jpg
特大號香濃美味蟹堡 雙份香炸薯條,https://i.imgur.com/ryhw5LT.jpg
特大叉子,https://i.imgur.com/gcYymFe.jpg
豆腐腦袋,https://i.imgur.com/9ghJcgr.jpg
你忘了拿美乃滋,https://i.imgur.com/QEifHTi.jpg
看他們吃的那些垃圾食物,https://i.imgur.com/TBipn8g.jpg
看了就想要吐,https://i.imgur.com/CvXU6rA.jpg
我恨美味蟹堡,https://i.imgur.com/tlhvsOR.jpg
你好會裝哦,https://i.imgur.com/b2Dyaz2.jpg
我從來沒有吃過美味蟹堡,https://i.imgur.com/WQtg4mI.jpg
難怪你老是苦著一張臉,https://i.imgur.com/ZagaP5d.jpg
快點把那個垃圾拿走,https://i.imgur.com/Csats0j.jpg
你居然叫我吃這種 沒有營養的垃圾食物,https://i.imgur.com/7tdThJ5.jpg
接下來你是不是要我 陪派大星跳牛仔舞呢,https://i.imgur.com/uEesDkN.jpg
來嘛 嘴開開,https://i.imgur.com/ajNKqvu.jpg
反正我的腳多的是,https://i.imgur.com/Nv3pNZe.jpg
對你的靈魂很好,https://i.imgur.com/GLkf8hL.jpg
我又沒有靈魂,https://i.imgur.com/GbaBPdy.jpg
你打算跟我哈拉多久,https://i.imgur.com/7EK69T8.jpg
等我死了 不要來參加我的喪禮,https://i.imgur.com/ACEvoDB.jpg
全部一起進入死亡的墳墓裡,https://i.imgur.com/itn13cr.jpg
只有我例外,https://i.imgur.com/TvDuKLe.jpg
她還活著,https://i.imgur.com/J5vejJa.jpg
我真是烏鴉嘴,https://i.imgur.com/LtruAGV.jpg
我知道你不愛她 可是你來送她走真好,https://i.imgur.com/CXXjVrI.jpg
寶貝,https://i.imgur.com/dO8wwAo.jpg
這樣我才可以數芝麻,https://i.imgur.com/N6wsViF.jpg
蟹堡寶庫門怎麼開了,https://i.imgur.com/xrzxELg.jpg
你為什麼要把蟹堡藏在你的背後,https://i.imgur.com/GtipgjA.jpg
你為什麼神情如此慌張,https://i.imgur.com/6TmeKBL.jpg
你為什麼流這麼多汗,https://i.imgur.com/ZkjtfNT.jpg
你為什麼看起來很餓,https://i.imgur.com/pw54HcV.jpg
難道我會爆炸嗎,https://i.imgur.com/KQYqqGy.jpg
不 更慘 你的大腿會超肥,https://i.imgur.com/IHaGoAx.jpg
然後才會爆炸,https://i.imgur.com/Pun4OdY.jpg
我第一次吃蟹堡也跟你一樣,https://i.imgur.com/RNpX59G.jpg
美味蟹堡的祖傳秘方是 蟹堡王的獨有寶貴資產,https://i.imgur.com/yKGU9FQ.jpg
任何關於秘方的事 都只能跟繼承者蟹老闆討論,https://i.imgur.com/xNYll4y.jpg
偷取這個秘方是違法的行為,https://i.imgur.com/eyVXpuq.jpg
將會受到法律最嚴厲的制裁,https://i.imgur.com/KgX3GGa.jpg
我可是上過大學的,https://i.imgur.com/KEjtFGr.jpg
我不會讓你失望的,https://i.imgur.com/h1UbZDh.jpg
放我下去好嗎,https://i.imgur.com/pxRy5Q0.jpg
假魚頭公司老闆明明跟我 保證不會有人看出來的,https://i.imgur.com/doRC1eP.jpg
那也不能把人家的頭扯下來啊,https://i.imgur.com/JELp0O6.jpg
只要記住最重要的規定就好,https://i.imgur.com/2zYBZp9.jpg
我們不送餐巾,https://i.imgur.com/7dERrj1.jpg
我從來不准我的員工休假的,https://i.imgur.com/HGz2R2c.jpg
你怎麼不努力工作呢,https://i.imgur.com/ILQKYfZ.jpg
我不知道 蟹老闆 我不知道,https://i.imgur.com/jAeqfBO.jpg
它看起來像是個普通錢幣,https://i.imgur.com/cWxrzie.jpg
因為它就是個普通錢幣,https://i.imgur.com/7qOB5OZ.jpg
我們不用手去握手的,https://i.imgur.com/t5Fzwie.jpg
驚嘆,https://i.imgur.com/UWvHqss.jpg
沒有人會受傷的,https://i.imgur.com/0qfZHbK.jpg
如果我們在一月的第三個 星期三討論蟹堡秘方的話,https://i.imgur.com/a9kWtCK.jpg
那天沒有下雨 我們吃完香草布丁之後該做什麼,https://i.imgur.com/lV7qd4T.jpg
放棄,https://i.imgur.com/7UtlWyb.jpg
投幣啟動的自毀裝置,https://i.imgur.com/EtBqPEw.jpg
真是個白痴的設計,https://i.imgur.com/lHVPzNY.jpg
你瘋了嗎,https://i.imgur.com/51bz4iv.jpg
防外星人窗戶保護劑 無法預防闖空門,https://i.imgur.com/H6QFtMj.jpg
好 再來一次,https://i.imgur.com/mrLiY5W.jpg
你的牙膏鑽進我的花生醬裡了,https://i.imgur.com/jvEGY3Y.jpg
誰把重量弄回來了,https://i.imgur.com/tuz7LDY.jpg
好噁心哦,https://i.imgur.com/K2vSzld.jpg
我好像快要吐了,https://i.imgur.com/T9x9YSA.jpg
派大星 你知道這是什麼嗎,https://i.imgur.com/lVPW2Ie.jpg
臭便便,https://i.imgur.com/wt9fUwa.jpg
不對 這是卵囊 我們來看看胚胎吧,https://i.imgur.com/bCPIr8c.jpg
別怪我用吼的 離我遠一點,https://i.imgur.com/9veTaFn.jpg
這麼晚了還在玩扮裝海盜啊,https://i.imgur.com/i0GbYi8.jpg
我們不要你的錢 月球人,https://i.imgur.com/0rryzk5.jpg
我一定要扣你的操行分數,https://i.imgur.com/XSW8uQe.jpg
這讓我瞭解到誰都不能相信,https://i.imgur.com/qpbmSJD.jpg
你最好不要再碎碎念了,https://i.imgur.com/OxZkHh9.jpg
是真的,https://i.imgur.com/XPDMBom.jpg
我以後都不來上課可以嗎,https://i.imgur.com/LExLWNb.jpg
你的故事讓我好感動,https://i.imgur.com/dGeOdBv.jpg
扁哥說他要海扁我,https://i.imgur.com/ycnKA0v.jpg
可是我想要做的久一點,https://i.imgur.com/68Nj3cL.jpg
請稍後 我幫你轉接,https://i.imgur.com/HN9fIxx.jpg
你沒聽見啊 我說我好了,https://i.imgur.com/7UuEDsx.jpg
你手上有沒有7,https://i.imgur.com/iZ1Uh9F.jpg
海扁暴力男,https://i.imgur.com/XObl7og.jpg
那是特價買的耶,https://i.imgur.com/R8c0UlH.jpg
你會害我心臟病發的,https://i.imgur.com/DMHm9bU.jpg
那個聲音 會把我們大家給逼瘋的,https://i.imgur.com/J3TOUZE.jpg
那真是我這一輩子最悲慘的一晚了,https://i.imgur.com/4gysbyc.jpg
最偉大的名廚會我這一招嗎,https://i.imgur.com/LaLLPhT.jpg
請問要點什麼,https://i.imgur.com/mL1EsGD.jpg
我要一份特製蟹堡,https://i.imgur.com/T79nl1T.jpg
謝謝你 做好了會叫你,https://i.imgur.com/8xwT3rg.jpg
這簡直是魔音穿腦嘛,https://i.imgur.com/xryQpgu.jpg
我需要頭痛藥,https://i.imgur.com/JztwzSE.jpg
不是我偷的,https://i.imgur.com/PFrpPXg.jpg
拜託 不要再叫了,https://i.imgur.com/gXQEpIk.jpg
你為什麼要吃掉我的長靴呢,https://i.imgur.com/Oo91aq9.jpg
你真的完全沒有大腦,https://i.imgur.com/WmWHoYN.jpg
你有夠笨的,https://i.imgur.com/g5y1vkn.jpg
我們被坑了,https://i.imgur.com/bj0L1ei.jpg
你說得對 我完全贊同,https://i.imgur.com/PUv4Xqx.jpg
看他嗆的,https://i.imgur.com/FZJVwoC.jpg
他好痛苦,https://i.imgur.com/NnP9wg7.jpg
你應該勸我不要那麼做啊,https://i.imgur.com/02JgdGX.jpg
我有罪,https://i.imgur.com/nPV5KGh.jpg
快把屍體處理掉 免得被人發現,https://i.imgur.com/aNqHEtC.jpg
他本來就是個怪人嘛,https://i.imgur.com/DPLUfXl.jpg
我想喝汽水,https://i.imgur.com/QhznciK.jpg
冰塊一直是一個謎,https://i.imgur.com/KD3QaUy.jpg
快逮捕他 他是個瘋子,https://i.imgur.com/KWABmen.jpg
我們要抵制這部電影,https://i.imgur.com/XaFLvLk.jpg
你不要亂摸啦 花痴,https://i.imgur.com/S4MzlYg.jpg
演員,https://i.imgur.com/w9g0W5y.jpg
勝利將屬於我們,https://i.imgur.com/NvDZgVS.jpg
有人提到爆破嗎,https://i.imgur.com/hNRA1IG.jpg
我馬上就能賣掉你的房子,https://i.imgur.com/yKXAPGQ.jpg
這只是我的假髮箱子,https://i.imgur.com/kFNs75W.jpg
你為什麼不現在就開始呢,https://i.imgur.com/rweldCp.jpg
我今天要賴在床上 一整天什麼都不做,https://i.imgur.com/LMgcnsg.jpg
我再也不想要見到你,https://i.imgur.com/2Thap6P.jpg
派大星...呼吸,https://i.imgur.com/WT7PtxT.jpg
我搞不懂,https://i.imgur.com/ozSqhlZ.jpg
我把家裡弄髒了 本來是要打掃的,https://i.imgur.com/s1WWRbT.jpg
結果章魚哥來幫我打掃,https://i.imgur.com/bVWGzIf.jpg
那就表示弄髒的人其實是他,https://i.imgur.com/MLhiSTA.jpg
但是打掃的相反是弄髒,https://i.imgur.com/O7vjSq7.jpg
所以弄髒就是打掃,https://i.imgur.com/SttZuMI.jpg
那表示章魚哥其實在弄髒我的家,https://i.imgur.com/vmk8kVB.jpg
可是平常弄髒的都是我,https://i.imgur.com/mpp0YXi.jpg
那就表示章魚哥在做相反的事,https://i.imgur.com/OMOq11Z.jpg
所以他才是海綿寶寶,https://i.imgur.com/aiCuwqQ.jpg
我完全搞懂了,https://i.imgur.com/f8KKlL8.jpg
章魚哥,https://i.imgur.com/roFb3RY.jpg
下次我要弄個直接去跳懸崖日,https://i.imgur.com/zjSB88Q.jpg
還有一股可怕的臭味,https://i.imgur.com/1UtgbyB.jpg
囉嗦 我不接受別人的拒絕,https://i.imgur.com/FoGfWpU.jpg
走開 你離她遠一點,https://i.imgur.com/HrH3Und.jpg
你現在是把我當成傻瓜是不是,https://i.imgur.com/aDpsCTN.jpg
請問這裡 還有沒有第五個章魚哥,https://i.imgur.com/ofZCLZ5.jpg
不要丟下我,https://i.imgur.com/0bc42dH.jpg
好玩的箱子,https://i.imgur.com/JhVjgoo.jpg
我不知道 今天是快樂呆瓜跳跳節,https://i.imgur.com/MHjHnNs.jpg
我本來還以為他們變聰明了,https://i.imgur.com/VL2RRyc.jpg
派大星 你已經是大海星了,https://i.imgur.com/mWvUkvU.jpg
你看 我成功了,https://i.imgur.com/IHZyw5X.jpg
等我掛了就不緊張了,https://i.imgur.com/SSfAshn.jpg
我跟小星星握到手了,https://i.imgur.com/Cr07cqE.jpg
別忘了還有第二次山崩,https://i.imgur.com/Wap2HBP.jpg
這是什麼時候買的,https://i.imgur.com/K0vTG8N.jpg
對了 我好像違反了亂踢箱子的法律,https://i.imgur.com/5OtNpCR.jpg
好棒 多一個箱子,https://i.imgur.com/EH121K5.jpg
這些箱子在最後階段 發揮了它們最重要的功能,https://i.imgur.com/UYn6kVW.jpg
這個箱子代表的就是 算式的結果,https://i.imgur.com/LgVQS3w.jpg
我沒錢買禮物送給你,https://i.imgur.com/Yh1f0Ur.jpg
只能給你個箱子,https://i.imgur.com/mAtKyb0.jpg
海咪咪寶寶抄襲我的作品,https://i.imgur.com/L12URu2.jpg
不可以亂吹 明白嗎,https://i.imgur.com/XlcRg0W.jpg
這麼年輕就掛了,https://i.imgur.com/iYfJhzY.jpg
你連早餐吃什麼都不記得耶,https://i.imgur.com/c8wRlH1.jpg
我買了甜甜圈,https://i.imgur.com/hhWn2Nd.jpg
我不能讓我的英雄失望,https://i.imgur.com/UK4Nktq.jpg
請問你是叫誰大鼻子啊 大鼻子,https://i.imgur.com/0Bv3CTI.jpg
幫我簽名,https://i.imgur.com/bLf4WiJ.jpg
章魚哥的迷你公仔,https://i.imgur.com/negH4pY.jpg
你看他們好速配哦,https://i.imgur.com/ZaxUEgL.jpg
不知道從這麼高的地方 掉下去會不會摔死,https://i.imgur.com/hjekREo.jpg
我得去找個更大的罐子,https://i.imgur.com/9CDgnIA.jpg
你們都不懂啦,https://i.imgur.com/RUu64mf.jpg
你必須承認你犯了錯,https://i.imgur.com/DWb6lo3.jpg
海超人會諒解你的,https://i.imgur.com/Q10S0Bo.jpg
折磨手臂的時間到了,https://i.imgur.com/WcnHjhA.jpg
這魔女想要我的命,https://i.imgur.com/7D6UOgf.jpg
你們兩個太老了 我必須要請你們兩個離開,https://i.imgur.com/j41riM2.jpg
那一定超酷,https://i.imgur.com/xfFYhM6.jpg
他們只會一直吹 一直吹他們的笨哨子,https://i.imgur.com/M3P4xYY.jpg
摸摸他們鼻子上的白色東西,https://i.imgur.com/5lHa1vN.jpg
現出他們那個 噁心又變形的身體,https://i.imgur.com/5XRi6C0.jpg
把那個東西收起來,https://i.imgur.com/pKwqYQL.jpg
有小朋友在這裡玩耶,https://i.imgur.com/dZxsIT8.jpg
我要去逛點心吧了,https://i.imgur.com/N3RZ4tm.jpg
請不要亂丟飛天冰淇淋車 去砸遊客,https://i.imgur.com/3XnQMF9.jpg
快呼吸啊,https://i.imgur.com/3EXonpC.jpg
我超越警戒線 所以溺水了,https://i.imgur.com/5ICbBJx.jpg
你在擔心什麼 他已經好多了,https://i.imgur.com/6ChK8Vr.jpg
我看你想太多了啦,https://i.imgur.com/f7vCbo5.jpg
我呢最會應付頭部傷害了,https://i.imgur.com/0w09ZOX.jpg
他已經上西天了,https://i.imgur.com/71DIvhj.jpg
我以為他死了,https://i.imgur.com/wOJ0yyx.jpg
不要過來,https://i.imgur.com/fI1rbmY.jpg
不要傷害我們,https://i.imgur.com/6ufLchQ.jpg
那只是個意外,https://i.imgur.com/JuWFgzV.jpg
剛從西瓜田 挖出來的新鮮大西瓜,https://i.imgur.com/wsCuEjQ.jpg
你開心了嗎,https://i.imgur.com/oqWVOdN.jpg
用這個東西吹,https://i.imgur.com/S3C7gRl.jpg
你在幹什麼 你還在混啊,https://i.imgur.com/YZe6Xlb.jpg
你是禿子,https://i.imgur.com/JHadmMY.jpg
天啊 他真的騙倒我們了,https://i.imgur.com/KCVg8n5.jpg
一路飛到天堂去,https://i.imgur.com/6Sd5inp.jpg
永別了 朋友,https://i.imgur.com/uC9QoGs.jpg
他有個游泳池 還有個池中池,https://i.imgur.com/LgApD7L.jpg
這傢伙有穿鞋,https://i.imgur.com/zGodKgB.jpg
那會不會痛啊,https://i.imgur.com/ZloQHSq.jpg
不行 那是以後賣房子才要用的,https://i.imgur.com/F5GqmDx.jpg
我根本什麼都不懂,https://i.imgur.com/ZA1WaGA.jpg
我們來改名字 叫做敗類窩囊廢,https://i.imgur.com/s4eYDLM.jpg
你現在要去坐牢了 蟹老闆,https://i.imgur.com/1HAVNOV.jpg
派大星 你被開除了,https://i.imgur.com/qJQfMn7.jpg
我又不在這裡工作,https://i.imgur.com/aMZyIls.jpg
你想在這裡工作嗎,https://i.imgur.com/40vJCaJ.jpg
我好想哦,https://i.imgur.com/hD8ExkY.jpg
你被開除了,https://i.imgur.com/eWqTLWE.jpg
我真的好想睡覺哦,https://i.imgur.com/dzlOimY.jpg
蟹老闆 我真的很睏,https://i.imgur.com/UHWQmru.jpg
那只是個遊戲,https://i.imgur.com/XZl0FXR.jpg
我們會是史上 最忠心的海盜水手,https://i.imgur.com/oFC8w2R.jpg
走開啦 老頭,https://i.imgur.com/pVmv7ww.jpg
我何必浪費錢點亮整間餐廳呢,https://i.imgur.com/c8HQmvR.jpg
幫我蓋被被好嗎,https://i.imgur.com/ECYmKsz.jpg
每個壞蛋都是檸檬,https://i.imgur.com/kpWeqBt.jpg
什麼叫行蹤,https://i.imgur.com/eGBbiHY.jpg
攻擊那些情竇初開的小朋友們,https://i.imgur.com/PLuhHvk.jpg
志明跟春嬌在樹下 親來親去玩親親...,https://i.imgur.com/yzA2JkI.jpg
不 我不是快快俠,https://i.imgur.com/BZoqVfA.jpg
叫他去吃泥巴,https://i.imgur.com/A1XXDk3.jpg
除了統治世界之外,https://i.imgur.com/OvdDPwZ.jpg
你有聽他提到叫他去吃泥巴嗎,https://i.imgur.com/HpnpmYa.jpg
我還是分不出來啊,https://i.imgur.com/MpiZqiA.jpg
我一定要再接再厲,https://i.imgur.com/FwIa5FC.jpg
我排第一個 誰都不能叫我到後面去,https://i.imgur.com/4PNrwQe.jpg
我一定要過,https://i.imgur.com/dw3CF2U.jpg
你為什麼那麼討厭西瓜,https://i.imgur.com/A5dA7uO.jpg
我現在正式啟用 這座還沒有完工的橋,https://i.imgur.com/5ewC8Lv.jpg
老先生老太太快要發瘋了,https://i.imgur.com/0f9mD2i.jpg
我不屬於這裡 這是個天大的誤會,https://i.imgur.com/nR7c3Ig.jpg
我不想再進神經病院裡了,https://i.imgur.com/AttFUPO.jpg
我應該會喜歡這個地方,https://i.imgur.com/9hMlSh8.jpg
可憐的女人,https://i.imgur.com/dwVyGgD.jpg
聽起來都是你害她的,https://i.imgur.com/zRL3bAk.jpg
這是湯匙,https://i.imgur.com/4GSyEkD.jpg
你給我喝了什麼,https://i.imgur.com/ps9TGo5.jpg
愚人節快樂 你這個小飯桶,https://i.imgur.com/q9OxRm9.jpg
你們知道這是鬧著玩的吧,https://i.imgur.com/b1FpaXc.jpg
你們都被我騙了,https://i.imgur.com/XAxUs3C.jpg
你這個變態,https://i.imgur.com/xjrR7yT.jpg
反正我做什麼 你都會覺得是錯的,https://i.imgur.com/UCDlU0Y.jpg
也許那是因為你永遠都是錯的,https://i.imgur.com/F9sWnIL.jpg
我錯 你都對,https://i.imgur.com/CVmHY9e.jpg
你今天又想要跟我要多少錢,https://i.imgur.com/FXt7Tet.jpg
差點大失血,https://i.imgur.com/CvqF56E.jpg
我需要的是真正的女人,https://i.imgur.com/xZXJYLl.jpg
死變態,https://i.imgur.com/YdiKxiQ.jpg
你在監視我是不是,https://i.imgur.com/dwT0GHB.jpg
他走得好安詳啊,https://i.imgur.com/X0OF4qN.jpg
這位美麗無比的女士 居然是你媽媽,https://i.imgur.com/2R4VXHj.jpg
這個陰險狡猾的壞蛋 就是你的男朋友,https://i.imgur.com/EF7kqAL.jpg
這個帥得不得了的海綿 是你的服務生,https://i.imgur.com/9C7C3Ca.jpg
我不管你現在又在耍什麼賤招,https://i.imgur.com/xrjeixy.jpg
聽你媽咪的話,https://i.imgur.com/EDti8hM.jpg
你給我離我媽遠一點,https://i.imgur.com/CJILvvq.jpg
你是不是愛上別人了,https://i.imgur.com/iUH3XBH.jpg
我覺得很不好意思,https://i.imgur.com/d63c5dQ.jpg
事情不是你想的那樣,https://i.imgur.com/XDROpsh.jpg
我不想再聽你的謊言了,https://i.imgur.com/jmY8frN.jpg
謝了 我練過,https://i.imgur.com/ujpoxXF.jpg
其實我有兩隻左手,https://i.imgur.com/sbiVWhV.jpg
你笑什麼,https://i.imgur.com/yTqulJg.jpg
我認為這類的歡笑 極度不合邏輯,https://i.imgur.com/PlZBXIl.jpg
我的語言能力 遠遠超過你的想像,https://i.imgur.com/QzVnNPI.jpg
你以為你很高等啊,https://i.imgur.com/vCUUEZR.jpg
那是因為你很少在思考,https://i.imgur.com/c5jU1Yx.jpg
這就是人生,https://i.imgur.com/sDfN4oM.jpg
我只是想提供協助,https://i.imgur.com/Ww47set.jpg
美好的過去 為什麼會漸行漸遠呢,https://i.imgur.com/ieh1IDn.jpg
你確定你想要放棄天才跟智慧 就為了再跟我做朋友嗎,https://i.imgur.com/2V9kUrS.jpg
我寧願當個白痴,https://i.imgur.com/pskiYLE.jpg
我的額頭很好笑嗎,https://i.imgur.com/aPbYDd4.jpg
不要再唸了,https://i.imgur.com/JkdFOrR.jpg
這是我最後一次 被你們公開嘲笑了,https://i.imgur.com/J5Fvc0v.jpg
我什麼時候說錯過了,https://i.imgur.com/VOZuePi.jpg
鬢角,https://i.imgur.com/wUEsqvd.jpg
很舒服啊,https://i.imgur.com/KtEkHAF.jpg
你照照鏡子,https://i.imgur.com/y3ZFrVL.jpg
你說的對 我好可悲,https://i.imgur.com/cRc0b7G.jpg
叫我第一名,https://i.imgur.com/PPF2KEk.jpg
嚇死你,https://i.imgur.com/dYwlnHq.jpg
我寧願把我的腦袋打爆掉,https://i.imgur.com/VR05Pzo.jpg
把它放到 交通最繁忙的十字路口,https://i.imgur.com/N7I1JFY.jpg
在上面跳啊跳,https://i.imgur.com/xZ0Ih0z.jpg
我也永遠不會再回來了,https://i.imgur.com/LWvmenb.jpg
我討厭這個頻道,https://i.imgur.com/tOsBQ5M.jpg
這個小鎮一定要摧毀掉,https://i.imgur.com/BsKd8OY.jpg
我就是要打,https://i.imgur.com/5lO8wtu.jpg
我都不知道 沒有駕照的生命那麼空虛耶,https://i.imgur.com/Duaeqyo.jpg
什麼 我是個孤兒,https://i.imgur.com/oAtkv1R.jpg
我努力了一輩子都拿不到 你也別想要擁有,https://i.imgur.com/x44SimF.jpg
付出代價之後,https://i.imgur.com/E7MhNLf.jpg
我跟他的緣分已經盡了,https://i.imgur.com/cuN15bV.jpg
超級送分題,https://i.imgur.com/FzXrJ7e.jpg
我的手抽筋了,https://i.imgur.com/4j9wS6Y.jpg
快給我看,https://i.imgur.com/ZKRNNGc.jpg
我現在就要把問題解決掉,https://i.imgur.com/C54NDsQ.jpg
你瘦身成功了,https://i.imgur.com/g2xbPxp.jpg
誰點了美味蟹堡 又是誰點了美味蟹堡,https://i.imgur.com/jetmBAC.jpg
懂吧 因為你們都點蟹堡,https://i.imgur.com/M0HrVSl.jpg
老兄 你的服務態度很差耶,https://i.imgur.com/sHN18zP.jpg
跳得真是有夠難看的,https://i.imgur.com/hL11yT6.jpg
不要偷我的人生了,https://i.imgur.com/fH7qxFE.jpg
不要扭掉我新客戶的小頭啦,https://i.imgur.com/yR6pWJV.jpg
摸摸A,https://i.imgur.com/sOOKBjC.jpg
不准摸,https://i.imgur.com/vCt4ufC.jpg
摸摸B,https://i.imgur.com/z0hUJLJ.jpg
你要我整天都跟著你嗎,https://i.imgur.com/26Q8WCx.jpg
我覺得那樣蠻變態的,https://i.imgur.com/AMDe8yJ.jpg
嗨 敗類,https://i.imgur.com/l63V9Pr.jpg
我願意為你做任何事,https://i.imgur.com/vQEEPkW.jpg
你為什麼不乾脆去跳樓算了,https://i.imgur.com/uQFFHKO.jpg
難道你不會痛嗎,https://i.imgur.com/B82Mp3R.jpg
不 凱文 他是怪胎,https://i.imgur.com/fL5leAV.jpg
清場,https://i.imgur.com/MKA9FJh.jpg
不要哇了,https://i.imgur.com/5X574vw.jpg
笨蛋,https://i.imgur.com/tEDoojN.jpg
我們要給他 來自好朋友最溫暖的問候,https://i.imgur.com/72NwLhJ.jpg
你怎麼這麼天真呢,https://i.imgur.com/nMXohcZ.jpg
我們周圍充滿了各種證據,https://i.imgur.com/7Xp62bO.jpg
我們不能待在裡面,https://i.imgur.com/PYQhKos.jpg
你忘了我之前是怎麼跟你說的 小伙子,https://i.imgur.com/sBhvYLw.jpg
離開比奇堡在哪裡啊,https://i.imgur.com/7d0lL9S.jpg
我為我的手套公仔買了手套哦,https://i.imgur.com/tj2NZ9e.jpg
我連男生廁所女生廁所 都分不清楚了,https://i.imgur.com/x1m8EZz.jpg
海綿寶寶 車子來了,https://i.imgur.com/DgmIg6E.jpg
我願意傳授秘訣給你哦,https://i.imgur.com/11RspSQ.jpg
講個故事逗你開心好了,https://i.imgur.com/XWxTZ9e.jpg
我這麼醜 見不得人,https://i.imgur.com/rjozjJT.jpg
夠了 我不幹了,https://i.imgur.com/X9EJNiI.jpg
我正要趕去參加 大呆瓜遊行活動,https://i.imgur.com/oyPLcgz.jpg
好帥哦,https://i.imgur.com/ICXHsT9.jpg
我們被他玩弄了,https://i.imgur.com/dTUp6t3.jpg
是我想到的哦,https://i.imgur.com/QGrro7r.jpg
我好高興哦,https://i.imgur.com/7VxgmjS.jpg
我投降了,https://i.imgur.com/d8D4fol.jpg
箱子不是這麼玩的,https://i.imgur.com/z9kZsQq.jpg
我們就來當企業大亨吧,https://i.imgur.com/OKu9B9B.jpg
榮華富貴 我們來了,https://i.imgur.com/2YvUekD.jpg
想買巧克力嗎,https://i.imgur.com/H1FbIRu.jpg
我很需要,https://i.imgur.com/ybh9Ye7.jpg
妳不是真正的太太 妳只是一部電腦,https://i.imgur.com/o2PvZCJ.jpg
章魚哥 救我,https://i.imgur.com/XrVc7bD.jpg
你以前是個可怕的厲鬼,https://i.imgur.com/2Oz4jo9.jpg
那現在你可以在下輩子 好好的哭一下了,https://i.imgur.com/9HEXZ46.jpg
助人為快樂之本嘛,https://i.imgur.com/03BBa7Q.jpg
我們今天的特餐是,https://i.imgur.com/JxMge3u.jpg
你今天帶給我的恥辱還不夠嗎,https://i.imgur.com/c3wIhRw.jpg
我還要忍受這種折磨多久,https://i.imgur.com/gRHWn5v.jpg
這首歌太白痴了,https://i.imgur.com/h34fWcH.jpg
叛徒,https://i.imgur.com/W6ts9ka.jpg
走開 披薩配料,https://i.imgur.com/CNZa7z9.jpg
去破壞別人的舞會好嗎,https://i.imgur.com/fd8tek2.jpg
它象徵你是個笨蛋,https://i.imgur.com/lBFxIPD.jpg
好了 我們就來個君子之爭吧,https://i.imgur.com/3eurD1Y.jpg
經驗豐富的本月最佳員工 都會在帽子裡放個磚塊,https://i.imgur.com/xYp8HCp.jpg
這是不是就表示我的努力 完全失去了意義,https://i.imgur.com/6wvfWn3.jpg
他不過是個滿口謊言的 大鼻子醜八怪臭章魚,https://i.imgur.com/A0zX7Io.jpg
如假包換的真,https://i.imgur.com/GmFWOVH.jpg
靈魂長得像酸黃瓜,https://i.imgur.com/Nqnfmqq.jpg
我要偷你的靈魂,https://i.imgur.com/wnhvUVT.jpg
我們去嚇人吧,https://i.imgur.com/lqGwGJe.jpg
我不知道我是誰,https://i.imgur.com/Xblt0sM.jpg
你是什麼東東啊,https://i.imgur.com/Ciep1Jk.jpg
你只是可笑,https://i.imgur.com/kVqwXqW.jpg
你到底在趕什麼,https://i.imgur.com/9MwqtLj.jpg
我可以解釋,https://i.imgur.com/y3cvro4.jpg
我簡直比煙燻香腸還要火熱,https://i.imgur.com/TvXXBnJ.jpg
這隻松鼠簡直要我的命,https://i.imgur.com/KUdq4ve.jpg
裸奔,https://i.imgur.com/CnYCmGI.jpg
金隊酷啦,https://i.imgur.com/KSNBBOE.jpg
他不在我的心裡,https://i.imgur.com/wX7mcaZ.jpg
她好像已經快要瘋掉了,https://i.imgur.com/CeDy5k2.jpg
我是男子漢,https://i.imgur.com/kM24YyI.jpg
現在答應我我們還是朋友,https://i.imgur.com/uHGfeZL.jpg
你們是誰,https://i.imgur.com/IEGeUuU.jpg
她破了,https://i.imgur.com/HS5mPFC.jpg
你腦袋壞掉了,https://i.imgur.com/PGtWtR6.jpg
我們只剩下自己 跟我們背負的可怕罪名,https://i.imgur.com/i1cDweb.jpg
你還可以耍狠哦,https://i.imgur.com/BozwlAl.jpg
長方形,https://i.imgur.com/GasN6Yf.jpg
你真是個瘋子耶,https://i.imgur.com/UHRiHsB.jpg
你完全失控了,https://i.imgur.com/JvnfmEk.jpg
如果你們不想坐牢就不要犯罪,https://i.imgur.com/DRduTNv.jpg
好了 你們哪隻討厭的手偷了我棒棒糖,https://i.imgur.com/V9QB0DL.jpg
戴好,https://i.imgur.com/wNuk95l.jpg
寶貝 快點許願,https://i.imgur.com/7JDy1vS.jpg
為什麼我的命運會這麼的悲慘,https://i.imgur.com/X9bl1Qi.jpg
對啊 你有可能禿頭又有個大鼻子,https://i.imgur.com/mBOmOB7.jpg
好了 我死定了,https://i.imgur.com/Gumut01.jpg
可能會吧,https://i.imgur.com/YJs55M9.jpg
它什麼事情都知道,https://i.imgur.com/C2p8A1N.jpg
坐好,https://i.imgur.com/vhOSJom.jpg
海螺講話了耶,https://i.imgur.com/4hqADps.jpg
都不吃,https://i.imgur.com/gdBUucF.jpg
最好別吃,https://i.imgur.com/JlkbEdO.jpg
對,https://i.imgur.com/fMAo85y.jpg
不行,https://i.imgur.com/AjNyWOP.jpg
可以,https://i.imgur.com/986BEIS.jpg
你除了說不行還會說什麼,https://i.imgur.com/pL8JUGJ.jpg
你再問問看,https://i.imgur.com/qC0QyZX.jpg
神奇海螺萬萬歲,https://i.imgur.com/qPQr1X5.jpg
你叫得好難聽啊,https://i.imgur.com/llu24gk.jpg
小迷迷 你吃了我的帽子,https://i.imgur.com/hdbTP7P.jpg
小迷迷 你吃了我的鍋鏟,https://i.imgur.com/CXl2wuY.jpg
還吃掉所有的肉餅,https://i.imgur.com/nXUJ5Gb.jpg
吃掉了爐子,https://i.imgur.com/LVvDYGw.jpg
吃掉老賈先生,https://i.imgur.com/2FoFGtn.jpg
做不到也要做,https://i.imgur.com/TsS4qAf.jpg
你沒看到我難過得要命嗎,https://i.imgur.com/in5nWrN.jpg
準備去偷襲妳,https://i.imgur.com/FcIi2wT.jpg
三天耶,https://i.imgur.com/2bevsoE.jpg
妳好 可愛美眉,https://i.imgur.com/FQWXOQu.jpg
你有多猛,https://i.imgur.com/JYRdtuR.jpg
我上星期在花園澆花 我的腳踢到一小塊石頭,https://i.imgur.com/DIo5TUi.jpg
我才哭了20分鐘而已,https://i.imgur.com/z0BLZq6.jpg
遜咖歡樂屋,https://i.imgur.com/U0qFuM5.jpg
超級遜咖歡樂屋,https://i.imgur.com/4DViY1h.jpg
我的感應器顯示 你就是個大遜咖,https://i.imgur.com/os7FKz6.jpg
你是偽裝不了的,https://i.imgur.com/FOhLrFF.jpg
你死定了胖呆,https://i.imgur.com/g9ZE2Rx.jpg
這是我生命中最快樂的一天,https://i.imgur.com/G17U9PF.jpg
我踩到冰塊滑倒 快點給我呼呼,https://i.imgur.com/3YmcOHc.jpg
遜咖綜合醫院,https://i.imgur.com/RjHufGe.jpg
讓我用世上最小的小提琴 為你演奏一首哀歌吧,https://i.imgur.com/mCQbLFb.jpg
你可以很得體 很細心的 幫客人掛好衣帽嗎,https://i.imgur.com/y3XYAuG.jpg
像娘娘腔那樣嗎,https://i.imgur.com/5RL2BIr.jpg
淨空心靈,https://i.imgur.com/BB1Qv3q.jpg
什麼都不要想,https://i.imgur.com/ttz4Rm0.jpg
他絕對不是敗類,https://i.imgur.com/xZO8epv.jpg
叉子放左邊,https://i.imgur.com/LlEkrti.jpg
名字被塗掉了,https://i.imgur.com/mLSnnI7.jpg
你的腋下還要喝湯嗎,https://i.imgur.com/uHCjTNk.jpg
我辛苦爬起床全都白搭了,https://i.imgur.com/THmgRor.jpg
你不能讓開一點嗎,https://i.imgur.com/s8BWIBN.jpg
十張,https://i.imgur.com/QA2crV4.jpg
你沒聽說過銀行是嗎,https://i.imgur.com/H8UtugY.jpg
我就知道,https://i.imgur.com/E93lXEc.jpg
立刻把病患推到走廊上,https://i.imgur.com/hKKMcOE.jpg
謝了 兄弟,https://i.imgur.com/LWsfoQr.jpg
你們又在耍什麼白痴,https://i.imgur.com/iSuEiXg.jpg
牛排醬,https://i.imgur.com/qSFSsRU.jpg
你們兩個打扮成神戶牛排,https://i.imgur.com/PeLE5Kd.jpg
走進裡面 大叫給糖還是搗蛋,https://i.imgur.com/iKfqntS.jpg
這個時候巨蟲就會想起來,https://i.imgur.com/6lly5k6.jpg
牠忘了去買萬聖節的糖果 就會去超市買,https://i.imgur.com/r7z0FvJ.jpg
我們就拖走床墊,https://i.imgur.com/yC2NVCT.jpg
又度過了一個睡不著覺的可怕夜晚,https://i.imgur.com/dZO9oQd.jpg
你這麼無能又窩囊,https://i.imgur.com/MOnFQnT.jpg
你把我害得那麼慘 我一定要告你,https://i.imgur.com/04Qn1ci.jpg
他好可憐唷,https://i.imgur.com/2PeHL4a.jpg
不 以前都是銀的,https://i.imgur.com/iDSvA6Q.jpg
作夢 你這個敗類,https://i.imgur.com/YeH2jEl.jpg
你鬧夠了沒有,https://i.imgur.com/VaHmOWA.jpg
我對不起你 奶奶,https://i.imgur.com/Wmrawec.jpg
我不會忘記你的,https://i.imgur.com/pyNA0cG.jpg
你這個虐待勞工的壞蛋,https://i.imgur.com/dQ641lc.jpg
回答我的問題,https://i.imgur.com/kpR9FI0.jpg
反正我是沒救了,https://i.imgur.com/RnzUOXn.jpg
最美好的事物 又要從你眼前消失了,https://i.imgur.com/v5UwonZ.jpg
可是他超小器的,https://i.imgur.com/DtZYn6Q.jpg
你一定要幫我查出 鈴鈴聲哪裡來的,https://i.imgur.com/o5voqPd.jpg
算了 我的麻吉會幫我,https://i.imgur.com/aEn4K28.jpg
食物就在罐頭裡,https://i.imgur.com/CR1VK8O.jpg
別吵 我正在忙,https://i.imgur.com/XDAdvfH.jpg
沒有人了解我的心情,https://i.imgur.com/vF6EwNp.jpg
幹嘛 你要幹嘛,https://i.imgur.com/fXQBlTD.jpg
難道你沒有看到我在忙嗎,https://i.imgur.com/zEy3QaB.jpg
最好是好事,https://i.imgur.com/4bAHhLJ.jpg
我是大笨蛋,https://i.imgur.com/zIC1QKm.jpg
我沒有啊,https://i.imgur.com/PkiQh1w.jpg
等一下再來好嗎 他正在傷心落淚,https://i.imgur.com/aGsgHUh.jpg
我說他在傷心落淚 不要煩他了,https://i.imgur.com/hBDfFPO.jpg
像我這種人沒有資格傷心,https://i.imgur.com/Lh3r2He.jpg
假裝沒看到,https://i.imgur.com/s0s4dPM.jpg
你們到底在哭什麼,https://i.imgur.com/ChrlnTM.jpg
你不准亂動,https://i.imgur.com/hsYQbGH.jpg
站住 阿呆 你想被他傳染嗎,https://i.imgur.com/slW41Dr.jpg
應該叫防疫專家處理,https://i.imgur.com/Soqh4eN.jpg
退後 我叫你退後,https://i.imgur.com/h0wGJXG.jpg
大家一起來消滅 這可惡的汙染源,https://i.imgur.com/eklejFW.jpg
我想應該是海星優先才對,https://i.imgur.com/EnTLE0W.jpg
你們不能跟我搶 因為我是個優雅的紳士,https://i.imgur.com/khjjUYH.jpg
要不要叫兩份大薯 我們三個一起吃呢,https://i.imgur.com/4OeZXvP.jpg
我認識你嗎,https://i.imgur.com/gupHayJ.jpg
怪咖,https://i.imgur.com/IAU453H.jpg
我這輩子 只在乎六點能不能準時下班,https://i.imgur.com/MrCnRMh.jpg
很遺憾沒有人生還,https://i.imgur.com/7b3MFfY.jpg
他超臭屁的,https://i.imgur.com/Mm6qK2P.jpg
看起來像是好可怕的壽衣,https://i.imgur.com/byGovdl.jpg
你很需要看心理醫生,https://i.imgur.com/OpoGLSu.jpg
我懷疑這個傢伙根本就不識字,https://i.imgur.com/lIjCSbA.jpg
這個是預兆,https://i.imgur.com/0hVPWoL.jpg
從你褲袋裡掉出來的好兆頭,https://i.imgur.com/a44FECk.jpg
我一定要相信好兆頭,https://i.imgur.com/ITyo9lO.jpg
派大星寫的好詩,https://i.imgur.com/DDc5KuH.jpg
玫瑰是藍的 紫羅蘭是紅的,https://i.imgur.com/qsRw3r0.jpg
我真的要去PP了,https://i.imgur.com/pKqQ1bx.jpg
這就是創作藝術必經的過程,https://i.imgur.com/ZXWZsxu.jpg
我恨我的人生,https://i.imgur.com/RGCLqTs.jpg
我也恨你的人生 老兄,https://i.imgur.com/nk3N9Eq.jpg
我的眼球都快要脫窗了,https://i.imgur.com/L9joLFn.jpg
我不知道耳朵可以這樣往內翻耶,https://i.imgur.com/smykoeL.jpg
暴徒絕對不能不吃棉花糖,https://i.imgur.com/SLLMyty.jpg
你看 我的腦袋,https://i.imgur.com/PgVT6p1.jpg
你不知道我很會安撫大腦嗎,https://i.imgur.com/XnR8sgr.jpg
我們去看看那個胖子在吼什麼好了,https://i.imgur.com/FOIlzRa.jpg
三個十塊,https://i.imgur.com/6vj1ZxK.jpg
兩個五塊,https://i.imgur.com/cVwVZI4.jpg
一個25塊,https://i.imgur.com/FkVF6VS.jpg
沒有一塊,https://i.imgur.com/ws38Ln7.jpg
神啊 請賜給我力量,https://i.imgur.com/WAJ3x43.jpg
開快一點,https://i.imgur.com/yhTRe4w.jpg
我知道怎麼做 我看過書,https://i.imgur.com/Ok82RqM.jpg
什麼都不要碰 傻瓜,https://i.imgur.com/j46UlG9.jpg
只能娶一部電腦當老婆,https://i.imgur.com/yQkSgyH.jpg
我還沒死,https://i.imgur.com/K0Usktd.jpg
說得好,https://i.imgur.com/GYoIJSB.jpg
那裡有建築工人,https://i.imgur.com/BiJ0EMZ.jpg
我看他腦筋有問題,https://i.imgur.com/z3iDD55.jpg
來搞笑,https://i.imgur.com/c3moyig.jpg
我不能去看醫生 我的工作沒有提供任何醫療保險,https://i.imgur.com/JpyIuId.jpg
你沒有工作啊,https://i.imgur.com/HZFcwDj.jpg
也對哦,https://i.imgur.com/CCFql3Z.jpg
我要爆紅 以後再報仇,https://i.imgur.com/bkxZAWD.jpg
別亂摸,https://i.imgur.com/cpC0W5v.jpg
他讓我生不如死,https://i.imgur.com/21VIiMT.jpg
用膝蓋想也知道,https://i.imgur.com/eddUlYW.jpg
強森,https://i.imgur.com/FCwPgiQ.jpg
城市裡的人實在是太扯了,https://i.imgur.com/5pQ1sSq.jpg
美好個頭啦,https://i.imgur.com/wbV43qv.jpg
讓我平靜地接受 人生完蛋的事實,https://i.imgur.com/Aa2MrWY.jpg
沒想到她居然會說話,https://i.imgur.com/Odn8qr3.jpg
呆瓜通常都是最暴力的,https://i.imgur.com/fIT94dK.jpg
真是病態 又不人道,https://i.imgur.com/tZf6UxE.jpg
現在連小學生都想揍我 搶我的午餐錢,https://i.imgur.com/C8OIvx0.jpg
幫我和我的愛妻 做兩個美味蟹堡好嗎,https://i.imgur.com/OQF1DpP.jpg
我們也很愛演哦,https://i.imgur.com/5iuyXPb.jpg
再一下就可以塑身成功了哦,https://i.imgur.com/RUa5nji.jpg
破啊,https://i.imgur.com/aMwjjKT.jpg
飛天雙人螺旋,https://i.imgur.com/k3mJdBt.jpg
原子彈,https://i.imgur.com/CUtQvCq.jpg
天崩地裂大毀滅,https://i.imgur.com/Eqq2HW6.jpg
鐵頭功,https://i.imgur.com/xeiWvRj.jpg
夾一下,https://i.imgur.com/COpitqI.jpg
金剛屁屁,https://i.imgur.com/Dx8kIFo.jpg
我們有人急著要領錢耶,https://i.imgur.com/CISv6W3.jpg
這一定是全世界最有價值的卡片,https://i.imgur.com/MuXT5qc.jpg
海超人說...,https://i.imgur.com/YoyoTEH.jpg
再買更多卡,https://i.imgur.com/d2TQt0e.jpg
我有預感這包一定會中的,https://i.imgur.com/teZ0Fm2.jpg
我恨數數兒,https://i.imgur.com/7vCamq7.jpg
我平常就是這樣 呆頭呆腦才會沒煩惱啊,https://i.imgur.com/MqDyDOQ.jpg
拜託你不要緊張兮兮的好不好,https://i.imgur.com/Gc91kfk.jpg
不然你以為 我腦袋裡都是漿糊嗎,https://i.imgur.com/Ec6wIi6.jpg
你這個小海綿體,https://i.imgur.com/nQeYjA1.jpg
討厭 那是最後一個銅板了,https://i.imgur.com/euJ15Up.jpg
你為什麼不繼續吹奏 那美妙的音樂呢,https://i.imgur.com/bOx0aWV.jpg
我就是喜歡這樣穿小褲褲,https://i.imgur.com/r4L6uMs.jpg
不要碰我 我很無菌,https://i.imgur.com/WXzt7nJ.jpg
海綿...海綿寶寶困在石頭裡了,https://i.imgur.com/5GfxDy9.jpg
難道你想毀了大驚喜嗎,https://i.imgur.com/vNQW7Id.jpg
對啊,https://i.imgur.com/boEm6ej.jpg
我一直想要一個銅板耶,https://i.imgur.com/brMaVpg.jpg
你好奸詐,https://i.imgur.com/4aCnvnz.jpg
最重要的是心意,https://i.imgur.com/AP2KM5H.jpg
各位朋友請注意 有一隻胖胖的粉紅海星發瘋了,https://i.imgur.com/topm2nm.jpg
可恨的紅心 去死吧,https://i.imgur.com/pzCGALO.jpg
我知道是我活該,https://i.imgur.com/nMwxiVn.jpg
他們也沒有送我禮物,https://i.imgur.com/bXFaM5U.jpg
不 現在送太遲了,https://i.imgur.com/OT8g9rw.jpg
你們完蛋了,https://i.imgur.com/ujaEyv5.jpg
沒錯 向後轉,https://i.imgur.com/BBtJ4zY.jpg
我就知道你對我最好了,https://i.imgur.com/YG8AmYk.jpg
拜託你拿走,https://i.imgur.com/QVNN1Bi.jpg
還要答應不論我怎麼苦苦求你,https://i.imgur.com/yAw2Yq1.jpg
請求你 哀求你,https://i.imgur.com/rxzYGEx.jpg
都不要把小紙片還給我,https://i.imgur.com/bDqwabF.jpg
你看我 我是八字鬍的帥哥,https://i.imgur.com/O0GXieW.jpg
我...我在說什麼,https://i.imgur.com/gZGY1D2.jpg
我真是個大白痴,https://i.imgur.com/ZtN2QZZ.jpg
口袋線頭,https://i.imgur.com/Cyqz0kQ.jpg
你這交易真不錯 章魚哥,https://i.imgur.com/bJP1tct.jpg
你是在考驗我,https://i.imgur.com/qAch5R0.jpg
拿去 送給你,https://i.imgur.com/ZldiXBj.jpg
我一直好喜歡的說,https://i.imgur.com/3Z8W3om.jpg
那堆垃圾都送給你,https://i.imgur.com/Q176KUe.jpg
我要飛囉,https://i.imgur.com/YunFi2B.jpg
我是一個用一切家當去換來...,https://i.imgur.com/rXy1qUU.jpg
一張沒用的小紙片,https://i.imgur.com/juTcvDl.jpg
一些過去的記憶而已,https://i.imgur.com/jnkhqL4.jpg
走開啦 不要煩我,https://i.imgur.com/2srcoGE.jpg
你為什麼大包小包的,https://i.imgur.com/f8s8yEp.jpg
那太痛苦了,https://i.imgur.com/gaQ1O9I.jpg
老土德州到底有什麼好的,https://i.imgur.com/t4gEORv.jpg
德州很老土,https://i.imgur.com/rGmUUEh.jpg
我不准你們再說一句德州的壞話,https://i.imgur.com/J9JFAAF.jpg
你是說我們不可以說老土德州的壞話,https://i.imgur.com/YqxZaY5.jpg
那可以說德州人很老土嗎,https://i.imgur.com/H3WMymP.jpg
我是個鄉巴佬,https://i.imgur.com/hE54RJs.jpg
派大星 我是什麼,https://i.imgur.com/eJdnozG.jpg
小土蛋,https://i.imgur.com/R1ezJeq.jpg
錯 我是德州,https://i.imgur.com/KMnCBvW.jpg
那有什麼不同呢,https://i.imgur.com/5FYKXGu.jpg
快點向我道歉 不然我會打得你們滿地找牙,https://i.imgur.com/VD952tv.jpg
老土德州的植物是不是也很土啊,https://i.imgur.com/U6YtfiS.jpg
老土德州的鞋是不是也很土啊,https://i.imgur.com/R9R9Zcj.jpg
你在哭什麼啊,https://i.imgur.com/SOvjQee.jpg
好人是不會有好報的,https://i.imgur.com/XH3gb2R.jpg
不要,https://i.imgur.com/dU3mcaH.jpg
真的不要,https://i.imgur.com/amYspHB.jpg
真的,https://i.imgur.com/3zSn1xT.jpg
幻想一個,https://i.imgur.com/R9mWn4M.jpg
木棒老哥,https://i.imgur.com/rqXL0H5.jpg
石頭弟,https://i.imgur.com/L9yZ6Tb.jpg
水槽兄,https://i.imgur.com/j0Iogst.jpg
泡泡老哥,https://i.imgur.com/kmqdngi.jpg
最好不要來了,https://i.imgur.com/vuudxVx.jpg
好吧謝謝 再見拜拜,https://i.imgur.com/Va0oYix.jpg
這是你要的清潔產品 先生,https://i.imgur.com/n7OyeGL.jpg
泡泡老哥喜歡彎彎吸管,https://i.imgur.com/UHxTX77.jpg
我真傻 這是健怡肥皂水,https://i.imgur.com/UV1HHit.jpg
泡泡老哥對奶製品過敏,https://i.imgur.com/mHactiv.jpg
恭喜你,https://i.imgur.com/CutdaGG.jpg
各位 我們來造反吧,https://i.imgur.com/r9ZTFwC.jpg
踩扁救生員...,https://i.imgur.com/zruW3OV.jpg
刺破泡泡...,https://i.imgur.com/VLG4Azb.jpg
可愛排氣管,https://i.imgur.com/z6jHTWn.jpg
牛肉乾,https://i.imgur.com/zCqxaN4.jpg
親親鑰匙,https://i.imgur.com/kceNyJc.jpg
小蛇眼,https://i.imgur.com/DPhrZr2.jpg
嗨,https://i.imgur.com/sZzovF4.jpg
我要送你一個禮物,https://i.imgur.com/cWTTIIH.jpg
我實在不確定你的頭有多大 所以就用西瓜量尺寸,https://i.imgur.com/gbuf1Q1.jpg
我只不過是要你送個禮物 你就想做掉我,https://i.imgur.com/jNkVqNZ.jpg
你的良心過得去嗎,https://i.imgur.com/gR9RFFN.jpg
事實上我見過11次,https://i.imgur.com/MAr0PrJ.jpg
根據經驗 他只能活到落日了,https://i.imgur.com/yOFQqGU.jpg
我們又何必毀了他最後一天呢,https://i.imgur.com/hznLdEo.jpg
那小子 有資格安享最後的快樂時光,https://i.imgur.com/SfYU7z3.jpg
這一次 我要好好的愛他,https://i.imgur.com/6rQt1xX.jpg
我要愛他愛到他受不了,https://i.imgur.com/M8a42fF.jpg
受不了,https://i.imgur.com/xyeTQUE.jpg
備忘錄 小心注意章魚哥,https://i.imgur.com/q3fEt7m.jpg
我不能呼吸了,https://i.imgur.com/WC8Ylg9.jpg
我一直都很喜歡幫它倒數,https://i.imgur.com/QLe3inz.jpg
抱歉 我不會講義大利話,https://i.imgur.com/Re0tUHX.jpg
為什麼快樂的時光 過得這麼快呢,https://i.imgur.com/7zRZr7B.jpg
今天這種快樂的日子 一生中難得有一次耶,https://i.imgur.com/WPcGXVU.jpg
為什麼我老是碰到這種事,https://i.imgur.com/4irQHUB.jpg
看看這個地方,https://i.imgur.com/2x213qq.jpg
那裡的狗會說話哦,https://i.imgur.com/XlEnh7d.jpg
好啊 什麼是狗啊,https://i.imgur.com/8tMvdHR.jpg
我要當場活埋我自己,https://i.imgur.com/LPj1Go3.jpg
蟹老闆 我有個好點子,https://i.imgur.com/wxKUeKo.jpg
珠珠奶昔,https://i.imgur.com/TKla96r.jpg
蝴蝶結炸薯條,https://i.imgur.com/CWsbhyv.jpg
不要笑了,https://i.imgur.com/kKsSEmZ.jpg
那是從前 現在我們必須分開了,https://i.imgur.com/BjyJFGC.jpg
我不知道,https://i.imgur.com/jwUa82K.jpg
你拿兩片酸黃瓜 摩擦發出來那種可愛的啾啾聲,https://i.imgur.com/hPJQVwX.jpg
美夢成真了,https://i.imgur.com/5mbrBpG.jpg
你又怎麼樣了,https://i.imgur.com/fWp2DbQ.jpg
他有一點...天分,https://i.imgur.com/s6U2i1Z.jpg
看起來花了好多錢,https://i.imgur.com/pyka2t3.jpg
這一切都是必要的,https://i.imgur.com/2GRQoON.jpg
你給我留下來,https://i.imgur.com/pzWW9Px.jpg
我有一大堆的錢 卻不知道要怎麼花掉,https://i.imgur.com/G0AuIce.jpg
我也要,https://i.imgur.com/n3exNF0.jpg
快來花你的錢,https://i.imgur.com/Yfy4xpZ.jpg
那是我一生中最快樂的60秒,https://i.imgur.com/oOAj9i0.jpg
我昨天晚上在電視上看過你,https://i.imgur.com/B255AoT.jpg
全新口味 早餐麥片,https://i.imgur.com/XnUeFVO.jpg
再見了 早餐麥片盒,https://i.imgur.com/W4tA3L1.jpg
好有禮貌的小盒子,https://i.imgur.com/aISDpqQ.jpg
都沒有人瞭解我,https://i.imgur.com/n2bhnKW.jpg
我跟你沒什麼好談的,https://i.imgur.com/vanHwwN.jpg
我想要改變命運 這是真的,https://i.imgur.com/imWqnq6.jpg
條紋毛衣,https://i.imgur.com/tTVmtxa.jpg
你現在是在搞笑嗎,https://i.imgur.com/OBR0yPY.jpg
我努力了這麼多年往上爬 踩在這麼多人的頭上,https://i.imgur.com/Cb0FTOD.jpg
看來你終於找對方向了,https://i.imgur.com/wgOP1DH.jpg
我好高興放棄當廚師來做表演,https://i.imgur.com/RkFSuZ2.jpg
馬屁精,https://i.imgur.com/J1BINhW.jpg
違背你自己的良心 那種瞞天大謊話呢,https://i.imgur.com/70ImGmi.jpg
施捨一下,https://i.imgur.com/Wgr6b7d.jpg
我什麼都沒了,https://i.imgur.com/kvky4aV.jpg
這個房子裡有兩樣東西很沒用,https://i.imgur.com/chfQ0G7.jpg
我又不是懶惰的米蟲 整天賴在床上,https://i.imgur.com/L90uowl.jpg
我不要看這個,https://i.imgur.com/0AG9VCE.jpg
你這是什麼意思,https://i.imgur.com/VhAtfZE.jpg
聽著 超小器的臭螃蟹,https://i.imgur.com/ysJ9vCF.jpg
章魚哥已經賴在我家 我快要瘋掉了,https://i.imgur.com/EDqDzfc.jpg
而你卻為了一個笨銅板 不肯找他回來工作,https://i.imgur.com/2TvYJUJ.jpg
我的銅板,https://i.imgur.com/HNtpKYr.jpg
我投降,https://i.imgur.com/PUTPSTg.jpg
機器人,https://i.imgur.com/Lxv07vc.jpg
因為是限制級,https://i.imgur.com/yTY8P9n.jpg
這下慘了,https://i.imgur.com/4FyvuYe.jpg
幹嘛把門鎖起來呢,https://i.imgur.com/9l3DFjM.jpg
你們拿繩子做什麼,https://i.imgur.com/n5CG5X7.jpg
現在是誰在看管收銀機啊,https://i.imgur.com/C2Xue7V.jpg
我的小褲褲是什麼顏色,https://i.imgur.com/xA3MGT9.jpg
什麼 你們以為我是機器人,https://i.imgur.com/y9hDNaf.jpg
其實那是別人送的,https://i.imgur.com/lRtjkyS.jpg
我愛她勝過我自己,https://i.imgur.com/HG5Agv2.jpg
我記得我們共同有過的歡笑,https://i.imgur.com/0Nhlarx.jpg
明明就是你在鬧我的,https://i.imgur.com/5qaUlXm.jpg
我很想 可是我要出門了,https://i.imgur.com/JLdEYNf.jpg
海綿寶寶 我工作一整天快要累掛了,https://i.imgur.com/oyM6eH6.jpg
改天一定讓你休息,https://i.imgur.com/pcvHMGC.jpg
我工作到下午就走 就能準時回家,https://i.imgur.com/32Vy7ut.jpg
太棒了 那我們六點鐘見,https://i.imgur.com/qei1jNB.jpg
有時候我得上去喬一下天線,https://i.imgur.com/D3rakEt.jpg
有時候遙控器也找不到,https://i.imgur.com/b8bzMGJ.jpg
有時候我的屁屁癢得要命,https://i.imgur.com/uyP1JZv.jpg
你好可憐哦,https://i.imgur.com/ClnknPB.jpg
加班,https://i.imgur.com/uKiw9oH.jpg
為人父母最難過的就是這一刻了,https://i.imgur.com/ranbqZH.jpg
不過一切都值得,https://i.imgur.com/fxc366D.jpg
那我們再來一次吧,https://i.imgur.com/AzqCZ7r.jpg
痛死我的小小飛盤,https://i.imgur.com/codZLhG.jpg
是哪個笨蛋跟你們說的啊,https://i.imgur.com/zJDib62.jpg
聽著 不要弄死自己了,https://i.imgur.com/PtzqDGG.jpg
差點就沒命了,https://i.imgur.com/KTYqmbR.jpg
一個小時後,https://i.imgur.com/SquRc4p.jpg
兩個小時後,https://i.imgur.com/W7kuZLz.jpg
三個小時過後,https://i.imgur.com/RKUvJPZ.jpg
有什麼比一個大油漆泡泡 還要更慘的,https://i.imgur.com/dwHPyzx.jpg
我知道,https://i.imgur.com/HT6Q7U0.jpg
兩個大油漆泡泡,https://i.imgur.com/RO10vxO.jpg
死定了 那是什麼,https://i.imgur.com/KXgqpMX.jpg
這一切都是蟹老闆的錯,https://i.imgur.com/TBHdI97.jpg
掛什麼掛,https://i.imgur.com/VHfRy3R.jpg
我們的屁屁得救了,https://i.imgur.com/lFFOQTA.jpg
沒啊 就是閒晃,https://i.imgur.com/u7VD0mH.jpg
聽起來好像很...,https://i.imgur.com/2aJpcML.jpg
這就是最先進的蟹堡品管作業流程,https://i.imgur.com/NfU0QeH.jpg
你可以看到我們的自動收銀處理系統,https://i.imgur.com/3r2yQU7.jpg
這些是我們的高品質飲料溫控設備,https://i.imgur.com/wKOYIId.jpg
這邊這個是液體傳導機器設備,https://i.imgur.com/8FKw1fS.jpg
現在你是要點餐 還是愣在那裡,https://i.imgur.com/azwCotL.jpg
我一點都不想來上班的樣子,https://i.imgur.com/ZhkrBX9.jpg
大家愛點美味蟹堡,https://i.imgur.com/rmKcGAg.jpg
和老闆良性互動,https://i.imgur.com/D29Vp85.jpg
章魚哥 你的天花板在跟我說話,https://i.imgur.com/6aaRJYA.jpg
金錢永遠是對的,https://i.imgur.com/MHtnMO6.jpg
章魚哥 天花板說的對 你不是個優秀的員工,https://i.imgur.com/70WhuYW.jpg
酷耶,https://i.imgur.com/GzZBFFM.jpg
叉子,https://i.imgur.com/h5ocNHo.jpg
水母大師傑佛瑞,https://i.imgur.com/ouphj6C.jpg
我們要去逛街,https://i.imgur.com/JzJPGtT.jpg
繼續吹啊 小子,https://i.imgur.com/A9UwORl.jpg
可是...我叫你吹,https://i.imgur.com/xtHyv7H.jpg
坐下,https://i.imgur.com/TWEci5t.jpg
你做了什麼來著,https://i.imgur.com/Dkf4Wph.jpg
今天是不是你最美好的一天 並不重要,https://i.imgur.com/b6fpbYl.jpg
你不是派大星,https://i.imgur.com/ABVUfaY.jpg
不准你跟我頂嘴 照我的話做,https://i.imgur.com/TUcjBqN.jpg
當個海洋生物一定很酷吧,https://i.imgur.com/TVkQF0n.jpg
別問我今天好不好,https://i.imgur.com/pNloBTs.jpg
快拿來給我 小笨鳥,https://i.imgur.com/d4qmCJx.jpg
寫字小木棍,https://i.imgur.com/JnS7f7R.jpg
又破了,https://i.imgur.com/lOEgGtA.jpg
這是 我的心願,https://i.imgur.com/Dzq4z9q.jpg
再給我一張白紙,https://i.imgur.com/Z7WhXfm.jpg
門牙,https://i.imgur.com/GnYgyIk.jpg
也許聖誕老人會送我一本字典 讓我查清楚你說的話,https://i.imgur.com/Q5ZiUDL.jpg
希望他會講葡萄牙話,https://i.imgur.com/pAUAybR.jpg
我會失去自尊 我的尊嚴跟我的午餐,https://i.imgur.com/psXHUNh.jpg
聖誕老人要來要來...,https://i.imgur.com/cqL7UPH.jpg
謝謝你騙我們 大騙子先生,https://i.imgur.com/OkvB0ZJ.jpg
我們到別的地方浪費時間吧,https://i.imgur.com/CPfrYiZ.jpg
胖子很容易肚子餓的,https://i.imgur.com/QjDo2k4.jpg
絕對不要相信精靈,https://i.imgur.com/0ONEdHV.jpg
我像是個大驢蛋,https://i.imgur.com/nD93GLT.jpg
全部借給復活節兔子了,https://i.imgur.com/FbP3Kg7.jpg
好大的手錶,https://i.imgur.com/3chr5Jy.jpg
我難道瘋了嗎,https://i.imgur.com/wwRYelK.jpg
對 我瘋了,https://i.imgur.com/oJnWmbY.jpg
等你回來陪我,https://i.imgur.com/ZJXD3LY.jpg
可能是你很搞笑吧,https://i.imgur.com/JvWrqXq.jpg
願上帝悲憐你們的靈魂,https://i.imgur.com/hAQLtV8.jpg
我恨你恨到掛掉,https://i.imgur.com/kNQYES6.jpg
你的道歉台詞也長了吧,https://i.imgur.com/TIhHq3L.jpg
為什麼燈泡要放在 那麼高的地方呢,https://i.imgur.com/S7B9Y3w.jpg
你看什麼看啊,https://i.imgur.com/ZBdZ6dG.jpg
拉上來 不然我宰了你,https://i.imgur.com/wMvLMnW.jpg
你沒有聽到配樂嗎,https://i.imgur.com/HRvfXTR.jpg
那可是降D大調的弦樂四重奏,https://i.imgur.com/8817GBj.jpg
那可是代表死亡的音樂,https://i.imgur.com/7dnSmn4.jpg
不要演奏了 討厭的樂隊,https://i.imgur.com/gCrq0Ee.jpg
我的錢沒了,https://i.imgur.com/Ybh33tA.jpg
我擦的是藍珊瑚,https://i.imgur.com/Slfj7yx.jpg
我信任你們 你們卻這麼做,https://i.imgur.com/OmPXi0d.jpg
你神經病發作了,https://i.imgur.com/PklVYMQ.jpg
繼續掙扎 他喜歡,https://i.imgur.com/KWyafa3.jpg
為什麼死的不是我,https://i.imgur.com/mRKXNhK.jpg
是啊 為什麼不是你呢,https://i.imgur.com/R6lmvVf.jpg
章魚哥的小名是章魚燒啊,https://i.imgur.com/5iIxhYq.jpg
好可憐哦,https://i.imgur.com/2sBrvOf.jpg
星期天,https://i.imgur.com/vthLmN6.jpg
這隻蝸牛是章魚燒的財產,https://i.imgur.com/Jm87JpJ.jpg
不會吧,https://i.imgur.com/UKWbCBR.jpg
我會去通知急救人員的,https://i.imgur.com/U9sOeMs.jpg
沒關係 小石頭 想跑的時候再跑吧,https://i.imgur.com/w9Y0SAb.jpg
不要那樣看我,https://i.imgur.com/kgLvguy.jpg
我們的冠軍是小石頭,https://i.imgur.com/RVDkLgu.jpg
我可以不要嗎,https://i.imgur.com/CI2uz9K.jpg
你的右轉方向燈 已經閃了一百年了,https://i.imgur.com/yfRuIOo.jpg
為什麼老人每次都這麼掃興啊,https://i.imgur.com/6Qabb8V.jpg
這就是我們的命運,https://i.imgur.com/UwiyspJ.jpg
酷哥,https://i.imgur.com/HHSCKjt.jpg
海底世界心碎號,https://i.imgur.com/YhUdQq5.jpg
再見了 遜ㄎㄚ,https://i.imgur.com/rzm8loW.jpg
酷,https://i.imgur.com/fEbrM9H.jpg
我不覺得在高速公路下撿垃圾 算什麼狂歡,https://i.imgur.com/3ROk6oV.jpg
放開我啦,https://i.imgur.com/yHRuslK.jpg
你有感覺沒 蟹老闆...,https://i.imgur.com/7t4QPYZ.jpg
我覺得我就像個大豬頭,https://i.imgur.com/B4BspMv.jpg
沒錯,https://i.imgur.com/S3l3tgH.jpg
不遜,https://i.imgur.com/7mSYQHN.jpg
讚啦,https://i.imgur.com/regb6hT.jpg
所以不要吵醒我,https://i.imgur.com/wFeYRUo.jpg
我只想當我的派大星,https://i.imgur.com/tolARmi.jpg
我這輩子應該活得夠久了,https://i.imgur.com/pNbbY65.jpg
我哪裡不對了,https://i.imgur.com/gosxXBZ.jpg
我很臭嗎,https://i.imgur.com/rtuh14L.jpg
你給我等一下,https://i.imgur.com/whmCfMu.jpg
答案已經非常明顯了,https://i.imgur.com/V1ot023.jpg
我沒想到你這麼無情,https://i.imgur.com/a0OnWO6.jpg
他又來了,https://i.imgur.com/CtkqPxL.jpg
我不能沒有你,https://i.imgur.com/mDEnI1w.jpg
你有過機會 可是你失敗了,https://i.imgur.com/4vkhrMk.jpg
你不可以再這樣活在過去,https://i.imgur.com/PGW16lv.jpg
到了隔天,https://i.imgur.com/qnwce0b.jpg
管他的,https://i.imgur.com/AvoThWc.jpg
你腦袋壞掉了是不是,https://i.imgur.com/STUbCM8.jpg
因為他一直對我叫,https://i.imgur.com/SgrngpY.jpg
你們去當海軍一定撐不下去的,https://i.imgur.com/aHtG4xw.jpg
不要碰我,https://i.imgur.com/th4upOg.jpg
地獄魔王棺材,https://i.imgur.com/hRrqvNL.jpg
為什麼那麼臭啊,https://i.imgur.com/W2NB47L.jpg
那是他的臭襪子,https://i.imgur.com/kvlECyf.jpg
有點自尊好不好,https://i.imgur.com/s2OHoHP.jpg
我們的薪水在哪裡,https://i.imgur.com/jYtnr08.jpg
你弄得我好痛啊,https://i.imgur.com/0PtMsi9.jpg
放開一塊錢 不然扭斷你的手,https://i.imgur.com/qMQtfxD.jpg
我不小氣 我很大方,https://i.imgur.com/EVe4KhF.jpg
我就知道你恨我,https://i.imgur.com/CmK8HjD.jpg
62塊錢,https://i.imgur.com/udJdwTZ.jpg
他站出來挺你 你卻出賣他,https://i.imgur.com/MN86ShH.jpg
帶你自己的網,https://i.imgur.com/cVXSLjd.jpg
你們都是笨蛋 我最聰明,https://i.imgur.com/AwqPpL8.jpg
這倒是真的,https://i.imgur.com/aw46ovg.jpg
好癢哦,https://i.imgur.com/sON9cZn.jpg
他果然中計了,https://i.imgur.com/id8MwJg.jpg
他讓我好驕傲,https://i.imgur.com/YywGPjE.jpg
明天一定會更美好更美麗的,https://i.imgur.com/noHuroi.jpg
海綿寶寶 你有秘訣嗎,https://i.imgur.com/jWOhUJs.jpg
想啊 我超想的,https://i.imgur.com/f1ZLfqB.jpg
可是...這是最後一個了,https://i.imgur.com/a4FQ2bI.jpg
變夾子...,https://i.imgur.com/KO5f9pS.jpg
你儘管嘲笑我吧,https://i.imgur.com/CDVxpig.jpg
我是贏家 夾到娃娃,https://i.imgur.com/6tFCdt8.jpg
你是輸家 哭著找媽媽,https://i.imgur.com/fp4Odmi.jpg
你們兩個不要再鬼吼鬼叫了,https://i.imgur.com/BYQMetV.jpg
我現在確定他很OK,https://i.imgur.com/GGvqms4.jpg
我們的大統領真是個天才,https://i.imgur.com/GwFCQxf.jpg
太可悲了,https://i.imgur.com/PGHI3Zh.jpg
海綿寶寶 現在是我們生命中的黃金歲月,https://i.imgur.com/QGDhwVe.jpg
我們應該要活在當下,https://i.imgur.com/knTUYde.jpg
我們要從此擺脫毫無意義的生活,https://i.imgur.com/FrLYwyp.jpg
你一定要丟掉你的理性才能夠跟我一樣,https://i.imgur.com/Yh8CvFX.jpg
等著瞧吧 這是最終極的,https://i.imgur.com/DXWIn9o.jpg
你已經下定決心了是不是,https://i.imgur.com/tdLe3aX.jpg
我為你難過,https://i.imgur.com/AShp3jP.jpg
心臟狂跳 全身狂抖,https://i.imgur.com/8vM2qdN.jpg
變得好看多了 對不對,https://i.imgur.com/dmSKx9T.jpg
我深有同感,https://i.imgur.com/SBLxkY7.jpg
你是聖人 海綿寶寶 聖人,https://i.imgur.com/M5nTEfL.jpg
你會變回醜男的,https://i.imgur.com/ywS5eRD.jpg
完美,https://i.imgur.com/Eti8FaB.jpg
這麼多年來 我只知道我生命中有缺陷,https://i.imgur.com/HOsxgu3.jpg
那是什麼可怕的臭味啊,https://i.imgur.com/foTHr2U.jpg
怎麼沒有人跟我說會聞到臭味,https://i.imgur.com/YHBqh2i.jpg
我周圍都是臭味,https://i.imgur.com/GqMTQsQ.jpg
好臭哦,https://i.imgur.com/Z0YPkCg.jpg
到處都是臭味,https://i.imgur.com/Nu9WtaA.jpg
我沒有辦法忍受了,https://i.imgur.com/KQcedNm.jpg
尖頭呆瓜又怎麼了,https://i.imgur.com/lAh7wIn.jpg
另外一種臭味,https://i.imgur.com/496HLao.jpg
去做一件早就應該做的大事,https://i.imgur.com/XRXbcJq.jpg
真是臭爆了,https://i.imgur.com/iDznBTY.jpg
它是臭酸的垃圾,https://i.imgur.com/yyBdHku.jpg
又是那個臭味,https://i.imgur.com/nIWQ1tU.jpg
好重的油味,https://i.imgur.com/diZmNdw.jpg
我要消除這家噁爛臭店的恐怖惡臭,https://i.imgur.com/7nCcpl2.jpg
把他綁在鐵軌上 讓火車用力輾過他,https://i.imgur.com/JuadmfP.jpg
好到不能再好了,https://i.imgur.com/wokAoJO.jpg
你是小時候摔壞腦袋了是嗎,https://i.imgur.com/Dyz6KSS.jpg
我會通靈,https://i.imgur.com/y0Yzozn.jpg
也許是你的錯,https://i.imgur.com/dkwJrMI.jpg
那些毛毛兄弟幫的人 最好不要讓我在暗巷裡給堵到,https://i.imgur.com/khjlxFJ.jpg
五分鐘之後,https://i.imgur.com/9ga6rR5.jpg
好棒 太好了,https://i.imgur.com/QDzKWxS.jpg
這會震死人的,https://i.imgur.com/9w7kgFO.jpg
魔...,https://i.imgur.com/X9lhTf6.jpg
詳情請看第17集,https://i.imgur.com/36RdSkz.jpg
我好愛那集,https://i.imgur.com/myDD0g5.jpg
我們會教你怎麼變好人,https://i.imgur.com/9Jhfpqn.jpg
你要開始上好人課程了嗎,https://i.imgur.com/MuXb1va.jpg
對不起先生 你的皮夾好像掉在地上了,https://i.imgur.com/TjDX1xC.jpg
看起來好像不是我的,https://i.imgur.com/25SAyyI.jpg
什麼 我看到你弄掉的啊,https://i.imgur.com/EFviuHj.jpg
不 不是我的,https://i.imgur.com/GCCrOhk.jpg
就是你的 我要當一個好人 把皮夾還給你,https://i.imgur.com/y5sK304.jpg
還什麼給誰,https://i.imgur.com/Ycu8KBr.jpg
你不是派大星嗎,https://i.imgur.com/jjPY6J3.jpg
對啊,https://i.imgur.com/9dYA1I7.jpg
這是你的身分證,https://i.imgur.com/PJWZr9a.jpg
對,https://i.imgur.com/dPcdumQ.jpg
這張身分證就放在皮夾裡,https://i.imgur.com/3oMbQOI.jpg
所以可以證明這一定是你的皮夾,https://i.imgur.com/9khTLGV.jpg
你說得有道理耶,https://i.imgur.com/JsPwLEX.jpg
拿回去,https://i.imgur.com/uByORWM.jpg
那不是我的,https://i.imgur.com/9Zm5Pfm.jpg
大頭呆 皮夾拿回去 不然我打斷你的手,https://i.imgur.com/JZq4ZZ4.jpg
好人不會打斷別人的手,https://i.imgur.com/KVN4FtQ.jpg
你這個粉紅呆瓜,https://i.imgur.com/MgFINkK.jpg
我的皮夾,https://i.imgur.com/19FByok.jpg
癢死了 可是值得,https://i.imgur.com/pXkvml4.jpg
62,https://i.imgur.com/VEzpceD.jpg
海綿寶寶 那是什麼味道,https://i.imgur.com/h66l4Wn.jpg
我還以為是屁,https://i.imgur.com/bAo2PNh.jpg
請給我開立支票存款帳戶,https://i.imgur.com/0hPVlR3.jpg
我申請了小狗狗圖案的支票本,https://i.imgur.com/XqwLfmh.jpg
再見了 我的好朋友,https://i.imgur.com/Rry4AvJ.jpg
笨松鼠,https://i.imgur.com/3SPCxUb.jpg
沒錯 我超小器,https://i.imgur.com/SWK41d3.jpg
他們有夠臭的,https://i.imgur.com/skUyU0i.jpg
香皂...香皂...香皂是什麼,https://i.imgur.com/oVP2zvz.jpg
他媽媽一定感到很驕傲,https://i.imgur.com/zYBYHD6.jpg
拍汽水廣告的那個 嘻哈酷老頭兒,https://i.imgur.com/4hPf1gr.jpg
太勁爆了,https://i.imgur.com/GTkAKXd.jpg
超勁爆,https://i.imgur.com/Vver8oD.jpg
乾啦,https://i.imgur.com/COzR173.jpg
加加減減幾分鐘,https://i.imgur.com/2QGsoha.jpg
兩個小時後,https://i.imgur.com/KuAf2pt.jpg
你什麼意思啊,https://i.imgur.com/vnsFJgm.jpg
不要哭 孩子 明年再來就好,https://i.imgur.com/TPgJ9DQ.jpg
管他的 我要跟上流行,https://i.imgur.com/WWGPftL.jpg
我是個說謊的大騙子,https://i.imgur.com/On5OQHE.jpg
畫得比我還好,https://i.imgur.com/x2aJNPF.jpg
剛才燒得好漂亮哦,https://i.imgur.com/hqh8DMj.jpg
有人對我丟了一顆大雪球,https://i.imgur.com/tB4hIxj.jpg
有人在追殺我 我最好現在就跑掉,https://i.imgur.com/sVEnbOg.jpg
我真是有夠背的,https://i.imgur.com/BETVCF7.jpg
我們一起痛擊粉紅大胖呆,https://i.imgur.com/idrEssU.jpg
我最喜歡玩猜字遊戲了,https://i.imgur.com/m3B4xFm.jpg
我本來要跟你說 我被雪球嗆到了,https://i.imgur.com/k4arj1M.jpg
後來雪融化變成了水 我就喝下水,https://i.imgur.com/RyKAXQW.jpg
現在好多了,https://i.imgur.com/ftfkIGw.jpg
你好棒,https://i.imgur.com/hEqfft2.jpg
你們應該要把對方的大腦打出來的,https://i.imgur.com/8ixUqRP.jpg
是你們逼我的,https://i.imgur.com/1OaZn8H.jpg
原來我都弄錯了,https://i.imgur.com/z6Hgzzx.jpg
漂亮的小女生,https://i.imgur.com/z0vk940.jpg
我是鬼,https://i.imgur.com/te8C4QY.jpg
他一定是個第一名,https://i.imgur.com/MvhIFIq.jpg
第一名 史密提威威傑格曼傑森之墓,https://i.imgur.com/FipN2uJ.jpg
難道我真的要為了錢對死人不敬嗎,https://i.imgur.com/Zyv9nkI.jpg
那真是太遺憾了,https://i.imgur.com/sI7HoIS.jpg
他們在...亂講話,https://i.imgur.com/cRp48Yt.jpg
妳常來這裡嗎,https://i.imgur.com/lWwLvEE.jpg
沒有,https://i.imgur.com/rAxQdSD.jpg
你們犯人有夠噁心的,https://i.imgur.com/rdfkNRJ.jpg
去跟法官說吧,https://i.imgur.com/nZuBAaD.jpg
好像有個海盜跟鸚鵡 為了我在吵架,https://i.imgur.com/rhmV0f2.jpg
鸚鵡快要吵贏了,https://i.imgur.com/edNLQcs.jpg
多邦加 阿沙哥歐沙拉,https://i.imgur.com/omotE4T.jpg
多邦加度,https://i.imgur.com/YZs7vfS.jpg
小蝸不可以多邦加度,https://i.imgur.com/FYH4QKJ.jpg
摩汪加,https://i.imgur.com/gFJkAYZ.jpg
派大安加章魚,https://i.imgur.com/KUYQ35a.jpg
不優曼那柏林卡,https://i.imgur.com/aLDaqIi.jpg
柏林卡,https://i.imgur.com/vQpLooo.jpg
派大跟海綿寶波華那加,https://i.imgur.com/JRV54Ho.jpg
不普卡 章魚,https://i.imgur.com/WUhAuMd.jpg
章魚泰法拉夫,https://i.imgur.com/QgBHagN.jpg
邦加,https://i.imgur.com/pvdUWm0.jpg
曼卡,https://i.imgur.com/1WNn5w7.jpg
那東波,https://i.imgur.com/PiIlyUl.jpg
錢...,https://i.imgur.com/2EQof7F.jpg
玩火會自焚,https://i.imgur.com/WRMOYk7.jpg
攻擊...,https://i.imgur.com/NgfXrb9.jpg
灰灰 不邦加,https://i.imgur.com/Ezg6otF.jpg
蘇塔卡亞卡塔,https://i.imgur.com/3jrKwdR.jpg
也許歷史上的某些事件 還是不要知道的好,https://i.imgur.com/9zPNEe8.jpg
這些鄉民怎麼教都教不會,https://i.imgur.com/KuMeywm.jpg
你不能老是靠外表 評斷每一個人,https://i.imgur.com/BcahwaA.jpg
你這樣亂吼亂叫也沒用啊,https://i.imgur.com/hwXPBZc.jpg
只要呼吸就好,https://i.imgur.com/zB1llMi.jpg
妳不只活了下來 還活得漂亮,https://i.imgur.com/0LI9AaJ.jpg
它叫做大瘋狗,https://i.imgur.com/TX8bEnC.jpg
那是我以前的綽號耶,https://i.imgur.com/FD73cee.jpg
你莎麗姨婆根本就沒有裝假牙,https://i.imgur.com/BQgWWfk.jpg
歡迎光臨我的棺材,https://i.imgur.com/chaisC9.jpg
大家一起來作夢,https://i.imgur.com/zk8RyCa.jpg
我的親親小寶貝,https://i.imgur.com/60qH1e7.jpg
海上的大風像碎玻璃一樣 猛刮我的小臉蛋,https://i.imgur.com/kuG3fh7.jpg
小朋友 這就是我的宿命,https://i.imgur.com/YyLyOC9.jpg
你這傢伙是不是會通靈啊,https://i.imgur.com/0rqChrG.jpg
這樣 那樣...A,https://i.imgur.com/sr4S37i.jpg
這樣 那樣...B,https://i.imgur.com/57EczV4.jpg
這樣 那樣...C,https://i.imgur.com/J8JqtOs.jpg
這樣 那樣...D,https://i.imgur.com/l0vaNfo.jpg
所以呢,https://i.imgur.com/fGCrD80.jpg
你根本沒有付我們錢,https://i.imgur.com/pAgbXxn.jpg
什麼事 派大星 不要在這裡耍白痴了,https://i.imgur.com/TKXSxVz.jpg
真的是石頭,https://i.imgur.com/UGkDisD.jpg
懷念海綿寶寶特輯,https://i.imgur.com/PHeY39I.jpg
然後經過叉子樹,https://i.imgur.com/SGeSncc.jpg
你好臭啊,https://i.imgur.com/zoeKs5V.jpg
我快要興奮死了,https://i.imgur.com/hzO2vir.jpg
海綿寶寶背叛我們,https://i.imgur.com/NrSpCH1.jpg
早知道 我就不要成立什麼海綿寶寶粉絲俱樂部了,https://i.imgur.com/YfDTo8S.jpg
不要了,https://i.imgur.com/7HrKAaH.jpg
要是我們會飛的話,https://i.imgur.com/DP2uiBV.jpg
頭上就會長出螺旋槳來,https://i.imgur.com/pbNa50s.jpg
屁屁就會有噴射引擎,https://i.imgur.com/36kvqtC.jpg
海綿寶寶 你在搞什麼飛機啊,https://i.imgur.com/rKCI8mU.jpg
我有預感,https://i.imgur.com/1gIUL8B.jpg
我墜機了,https://i.imgur.com/FXrko2k.jpg
好棒 生日派對,https://i.imgur.com/90vE68l.jpg
只要把磚塊拿開 或是磚頭,https://i.imgur.com/ElV9cHt.jpg
可以吃蛋糕了沒,https://i.imgur.com/KbGACqd.jpg
祝你祝你生日快樂,https://i.imgur.com/4E8vRwE.jpg
我是呆頭 就因為我想要實現夢想,https://i.imgur.com/BDllQva.jpg
他們也曾經嘲笑過發明燈泡的人啊,https://i.imgur.com/L2LHaBO.jpg
才沒那回事呢,https://i.imgur.com/cjaaxYy.jpg
我們都有過夢想,https://i.imgur.com/kXx85pZ.jpg
你有什麼了不起的,https://i.imgur.com/JQZdwMR.jpg
閃邊去 夢想家,https://i.imgur.com/GFrRFJL.jpg
原來他不是呆頭瘋子,https://i.imgur.com/ZUgBXlF.jpg
他會幫助人 他還會飛,https://i.imgur.com/3QQmIgC.jpg
他還會幫助人,https://i.imgur.com/MC3XGk6.jpg
我就知道那個臭小子不會飛 只會搞飛機,https://i.imgur.com/edb9JZ1.jpg
幫我抓抓肚肚好不好,https://i.imgur.com/1KQMrGG.jpg
不過我不確定上了什麼,https://i.imgur.com/vMsps8N.jpg
那是墨西哥音樂按鍵,https://i.imgur.com/OkUh2fh.jpg
我討厭科技,https://i.imgur.com/Sms804h.jpg
好 快滾吧,https://i.imgur.com/cfHz15L.jpg
我是說...再見,https://i.imgur.com/LOcYeaN.jpg
不 真的 滾吧,https://i.imgur.com/PZ8FMAD.jpg
過了很久,https://i.imgur.com/YHqbL5Y.jpg
過了很久很久,https://i.imgur.com/RCQ9GV9.jpg
你哪位啊,https://i.imgur.com/ONsvzDA.jpg
我這輩子都沒有見過你,https://i.imgur.com/qyOCWW1.jpg
你幹嘛用手指著我,https://i.imgur.com/qXl5Sxy.jpg
你是誰 你是為誰工作的,https://i.imgur.com/BsGExyM.jpg
他在慶祝多年來的名利雙收,https://i.imgur.com/jx0mOQB.jpg
我卻只能暗自垂淚 吞下永無止盡的失敗,https://i.imgur.com/33sikbU.jpg
是啊 妳給他發射看看,https://i.imgur.com/hJwRria.jpg
你只能自己發射你自己了,https://i.imgur.com/hO38vIp.jpg
討厭,https://i.imgur.com/od2E1DM.jpg
我好愛妳的音樂哦,https://i.imgur.com/FzoAZDZ.jpg
提醒我把經紀人丟下海餵鯊魚,https://i.imgur.com/YDAcrdQ.jpg
要怎麼吃這個東西啊,https://i.imgur.com/8wpik4A.jpg
請問我現在可以走人了嗎,https://i.imgur.com/nTTfsIK.jpg
你居然花了這麼多年的時間 才頓悟啊,https://i.imgur.com/2TDniX8.jpg
不然你來弄好了,https://i.imgur.com/d2CPdKu.jpg
那就給我閉嘴,https://i.imgur.com/IGdCPFI.jpg
我的嘴巴已經縫起來了 長官,https://i.imgur.com/k90U8xg.jpg
什麼 搞什麼,https://i.imgur.com/e4na6cJ.jpg
你有聽懂他說的話嗎,https://i.imgur.com/SMII8QW.jpg
聽得懂 章魚哥 全都懂,https://i.imgur.com/OugQY2g.jpg
各位 我沒事 不需要尖叫,https://i.imgur.com/Znk5GAA.jpg
你是說走私嗎,https://i.imgur.com/54ahg1r.jpg
ㄇㄟˇ美,https://i.imgur.com/RHBTncn.jpg
ㄨㄟˋ味,https://i.imgur.com/s9aR2Rx.jpg
美味的蟹堡,https://i.imgur.com/z4xuKJX.jpg
好黑暗的邪惡年代,https://i.imgur.com/pqL7585.jpg
不要對我哈氣啦,https://i.imgur.com/hhP9w9u.jpg
你的電視沒關,https://i.imgur.com/b6HpPYm.jpg
拜託 我可不想錯過我的節目,https://i.imgur.com/pUxj1lN.jpg
那他們又是誰,https://i.imgur.com/nfm4Fzs.jpg
你感覺到的是我的手,https://i.imgur.com/pYfFoZE.jpg
我只是在作夢...,https://i.imgur.com/Qx9l9RW.jpg
鄰居抱抱,https://i.imgur.com/n9TC5Id.jpg
我嚇傻了,https://i.imgur.com/haEuOgE.jpg
沒看過這麼爛的戲,https://i.imgur.com/3ZhGJSw.jpg
我不知道這是在演戲,https://i.imgur.com/6cOhyPi.jpg
奇醜無比 假仙做作,https://i.imgur.com/EFeUYKE.jpg
當年卡通都叫做好笑動動畫,https://i.imgur.com/nouAXkB.jpg
不 是我 一分錢上的人,https://i.imgur.com/p9rUCyS.jpg
我今天早上都沒有睡飽,https://i.imgur.com/nfjhCFK.jpg
難道我們的頭全都白撞了,https://i.imgur.com/dlukTZG.jpg
怎樣啦,https://i.imgur.com/EJWbghZ.jpg
油味讓我好興奮,https://i.imgur.com/cGEwjyk.jpg
價錢超貴 份量超小,https://i.imgur.com/qfXZMN8.jpg
牆上還黏著芥末醬,https://i.imgur.com/ehkE9lF.jpg
稍晚,https://i.imgur.com/CeIQadM.jpg
要多學著點,https://i.imgur.com/YsQb6yl.jpg
是不是很放鬆啊,https://i.imgur.com/YiPsmKd.jpg
我是個大敗類,https://i.imgur.com/ZFcchZD.jpg
現在你知道 沒唸到大學有何下場了吧,https://i.imgur.com/Dt6Jg03.jpg
巧克力,https://i.imgur.com/dvmu4Iw.jpg
文字優美 客氣有禮貌的檢舉抱怨信,https://i.imgur.com/9WdZSnL.jpg
我還以為你戴好玩的,https://i.imgur.com/Kv6Uppv.jpg
你遜爆了,https://i.imgur.com/CFMOts7.jpg
她頭殼壞掉了,https://i.imgur.com/90IzUzA.jpg
珊迪是女的,https://i.imgur.com/blpOiqm.jpg
爆米花,https://i.imgur.com/Xcwt9Fy.jpg
最後一口,https://i.imgur.com/r7ulVTC.jpg
幹嘛,https://i.imgur.com/gXOI5rm.jpg
是原住民耶,https://i.imgur.com/NnDFCyw.jpg
他可以把大珍珠 吐到一百英尺的半空中,https://i.imgur.com/vj0ViwB.jpg
這就是生命中最棒的一天啊,https://i.imgur.com/JKfR9zd.jpg
無聊,https://i.imgur.com/VKhPLig.jpg
那種滋味太美好了,https://i.imgur.com/URbJRaq.jpg
我都沒有想到要懷疑我自己耶,https://i.imgur.com/njEP24b.jpg
原來我一直在追捕我自己啊,https://i.imgur.com/L8sRfQW.jpg
天空生寶寶了,https://i.imgur.com/oUOvPDy.jpg
不髒,https://i.imgur.com/eI6aMmg.jpg
這艘船的主人是紅鬍子,https://i.imgur.com/nIL65ZR.jpg
剛才差點沒命,https://i.imgur.com/Ib0JaXJ.jpg
歡迎回來,https://i.imgur.com/UPFXZ0d.jpg
你會發名片給我們嗎,https://i.imgur.com/Ii9OJnL.jpg
我最喜歡看到小朋友天黑不回家了,https://i.imgur.com/c3vudd7.jpg
過了...過了...過了...,https://i.imgur.com/iysfDYX.jpg
他是怎麼嚇的,https://i.imgur.com/3aIst7G.jpg
給我回到船上去,https://i.imgur.com/p3PWyKT.jpg
我還是想不透,https://i.imgur.com/su4l4PS.jpg
他們是傻瓜嗎,https://i.imgur.com/nfBPZfT.jpg
沒錯 可是他們很乖,https://i.imgur.com/PfkErGP.jpg
香水區,https://i.imgur.com/V2QHyzU.jpg
願望 我好希望早點知道,https://i.imgur.com/TQ1ALkE.jpg
抱歉讓你看到這個,https://i.imgur.com/t4XHTBx.jpg
你怎麼好像在跟我說法語啊,https://i.imgur.com/myQ9Aun.jpg
你看 是燒肉耶,https://i.imgur.com/MwimfBM.jpg
我不知道蝸牛喜不喜歡吃燒肉,https://i.imgur.com/KWIUEHP.jpg
不要用那種口氣跟我頂嘴,https://i.imgur.com/kIVL4D5.jpg
不要浪費時間呼吸 我不是請你來呼吸的,https://i.imgur.com/OzRSznE.jpg
你又沒有付我們多少錢,https://i.imgur.com/uceNOj4.jpg
我們那微薄的薪水啊,https://i.imgur.com/yIiJC0P.jpg
美好甜蜜的領薪水日,https://i.imgur.com/ms1kYBt.jpg
你的腦袋有問題嗎,https://i.imgur.com/hMMYgBy.jpg
這是我應該要付給你的工作費,https://i.imgur.com/qWKKZVz.jpg
因為我們要當團結的勞工,https://i.imgur.com/afrePoZ.jpg
要求老闆要給我們應得的尊重,https://i.imgur.com/nFH1XFQ.jpg
現在你跟我應該要一起罷工,https://i.imgur.com/QYyxjWw.jpg
你是說你們要舉起抗議牌,https://i.imgur.com/UPf4Ze0.jpg
你們要發表抗議的演說,https://i.imgur.com/rghXjox.jpg
你們會要求我尊重你們,https://i.imgur.com/TnY7zkk.jpg
對,https://i.imgur.com/IzcX9IR.jpg
不,https://i.imgur.com/g1rJmcN.jpg
這就是我們必須要發動罷工的原因,https://i.imgur.com/sYtVTcP.jpg
我們在這個破爛的地方 虛度青春歲月,https://i.imgur.com/ifJP5oS.jpg
他虧欠我們太多太多了,https://i.imgur.com/HAaSecT.jpg
他很快就會發現 其實他非常需要我們,https://i.imgur.com/Nz11sPI.jpg
我們團結的勞工,https://i.imgur.com/yye9Mh6.jpg
還有別的,https://i.imgur.com/VXYxBQQ.jpg
它們是受壓迫的象徵,https://i.imgur.com/hke8w35.jpg
用力的踐踏它,https://i.imgur.com/K46xqJ2.jpg
快點把它丟到地上,https://i.imgur.com/FR3OPVE.jpg
你真是太可悲了,https://i.imgur.com/o96SFsX.jpg
不是 我是來取代你的,https://i.imgur.com/cPBiYnj.jpg
好了 不要再舉了,https://i.imgur.com/Mxd9J0L.jpg
你們長久以來一直受到欺騙和蒙蔽,https://i.imgur.com/XPbDLd4.jpg
我就知道,https://i.imgur.com/zkZ9Ypy.jpg
不知道 他拿著大聲公亂喊,https://i.imgur.com/ateeVGC.jpg
我們要粉碎壓迫者 粉碎它,https://i.imgur.com/61OJAHA.jpg
我們要把可怕的企業體 鋸成兩半,https://i.imgur.com/2wdXMXW.jpg
我們一定要奮戰 直到永遠,https://i.imgur.com/ULKeXi6.jpg
我聽不懂章魚哥在講什麼 可是他的話好有力哦,https://i.imgur.com/OadB4Xj.jpg
請跟我說你不是開玩笑,https://i.imgur.com/jPKA8yn.jpg
我們要拿著人民意志的法槌,https://i.imgur.com/KWVj2bF.jpg
摧毀奴工之家,https://i.imgur.com/HhSesU7.jpg
沒有人 真的關心我們勞工的命運,https://i.imgur.com/bWo2ty9.jpg
他們肚子一餓就什麼都不管了,https://i.imgur.com/pzkr0vE.jpg
你等於是帶著他們 吃你自己的手,https://i.imgur.com/JQ2rJVS.jpg
堅持到底 直到永遠,https://i.imgur.com/N66JGJO.jpg
我怎麼有一種 非常不祥的預感呢,https://i.imgur.com/dqbNn5M.jpg
永遠永遠以後,https://i.imgur.com/ef6vNyi.jpg
太可怕了,https://i.imgur.com/AQIdRpl.jpg
我們應該想辦法把比奇堡 推到別的地方去,https://i.imgur.com/qmmdh3r.jpg
我寧願大怪蟲現在就出現 把你們通通吃掉,https://i.imgur.com/psIYOqg.jpg
你剛才那點子是什麼來著,https://i.imgur.com/rAbljmS.jpg
推啊,https://i.imgur.com/o7gwSyl.jpg
那是迴紋針 跟一小段的線,https://i.imgur.com/AVJrqR0.jpg
才不是 是你的尾巴,https://i.imgur.com/Nm9Wt3R.jpg
我得承認你說的很有道理,https://i.imgur.com/JNBQIhs.jpg
我有冰淇淋,https://i.imgur.com/euFXX29.jpg
是蟲跡,https://i.imgur.com/fGCPzHc.jpg
好痛哦,https://i.imgur.com/Svozqh0.jpg
那是他的晚餐,https://i.imgur.com/SPUHg0v.jpg
你的電話哦,https://i.imgur.com/fSAW8NG.jpg
他要去接電話了,https://i.imgur.com/RDcBO3s.jpg
因為你們要下海餵鯊魚了,https://i.imgur.com/yWeDNMb.jpg
珊迪的財產,https://i.imgur.com/pk3oRuN.jpg
因為我就是最強的,https://i.imgur.com/1kw7bSv.jpg
閉嘴,https://i.imgur.com/i94Y8Mt.jpg
不然你想怎樣 要報警嗎,https://i.imgur.com/JbFEbOv.jpg
沒錯,https://i.imgur.com/dOnmgUs.jpg
告密剋星勒頸魔,https://i.imgur.com/Sm1zPY3.jpg
慘了 又來了,https://i.imgur.com/dpfKhAK.jpg
對 他又跑了,https://i.imgur.com/4VsTZkt.jpg
我這海軍蟹爪全五連霸冠軍不是當假的,https://i.imgur.com/GZrwYAR.jpg
請你離我遠一點,https://i.imgur.com/AkWxPPE.jpg
或是英挺帥氣假鬍子公司的八字鬍收據,https://i.imgur.com/Edk3PZq.jpg
我建議找個半個人都沒有的偏僻角落,https://i.imgur.com/soYSfd0.jpg
像是垃圾桶的後面 或者是暗巷裡,https://i.imgur.com/IU07TvJ.jpg
我們可以回我家 然後把燈都關掉,https://i.imgur.com/LvDRHTp.jpg
你不要再廢話了,https://i.imgur.com/ZEJvzq0.jpg
二十分鐘之後,https://i.imgur.com/fXUhsWn.jpg
把你的腳從我的眼睛裡拿出來,https://i.imgur.com/7HJXKx7.jpg
拔出來...,https://i.imgur.com/nKArXUD.jpg
六小時之後,https://i.imgur.com/X1Mj9B0.jpg
走進屋裡,https://i.imgur.com/0ptGnfa.jpg
把門關上,https://i.imgur.com/SdizYaa.jpg
我終於可以跟你獨處了,https://i.imgur.com/GIE7wrh.jpg
只剩下你跟我了,https://i.imgur.com/0rZDY2C.jpg
只剩我們兩個人了 對不對,https://i.imgur.com/4PhJITe.jpg
派對真好玩 對吧,https://i.imgur.com/iVixEX9.jpg
抱歉 胖子 你得走人了,https://i.imgur.com/p7jQD5F.jpg
我是勒頸魔,https://i.imgur.com/LNtqocF.jpg
我現在就去自首,https://i.imgur.com/QLXFbul.jpg
有人提到派對嗎,https://i.imgur.com/Vfh2HCo.jpg
有個變態在追殺我,https://i.imgur.com/7WpC6Ip.jpg
終於擺脫那個瘋子了,https://i.imgur.com/uLkorEm.jpg
你犯了什麼罪,https://i.imgur.com/TYpif6C.jpg
這次你騙不了我的,https://i.imgur.com/r6PhrC5.jpg
海花生棒到哪去了,https://i.imgur.com/mMtH0lj.jpg
海花生棒呢,https://i.imgur.com/kYSROzL.jpg
我不明白,https://i.imgur.com/XqAQ494.jpg
你不需要明白,https://i.imgur.com/mVSoLiO.jpg
臭屁坐墊,https://i.imgur.com/vmUA0XD.jpg
假嘔吐物,https://i.imgur.com/vPqP71v.jpg
真嘔吐物,https://i.imgur.com/HFG72Np.jpg
隱形透明噴霧,https://i.imgur.com/c9xbIVT.jpg
我看得到啊,https://i.imgur.com/7RtUv9a.jpg
請問你為什麼要把褲子脫掉,https://i.imgur.com/lseMiXb.jpg
有兩個光屁屁的傢伙 為了一罐噴漆在打架,https://i.imgur.com/gE3qjm6.jpg
小右 你在哪裡,https://i.imgur.com/jLAnLbz.jpg
誰都不准惹火小右,https://i.imgur.com/ZlTB39H.jpg
是不是覺得非常空虛啊,https://i.imgur.com/iAduJJq.jpg
噴了好幾下之後,https://i.imgur.com/fBqcXZA.jpg
那個傢伙跟他的脫窗眼球好壞哦,https://i.imgur.com/9W0Rcsj.jpg
我什麼時候在我的房間裡 掛滿了派大星的肖像畫,https://i.imgur.com/vEnfI9H.jpg
耍酷哦...,https://i.imgur.com/5pzs0QS.jpg
花點點領巾,https://i.imgur.com/U4BzEUe.jpg
掛上曬乾海底小妖精,https://i.imgur.com/yyADtrL.jpg
再掛個大金牌,https://i.imgur.com/VG8yGPo.jpg
穿了打了死結的褲子,https://i.imgur.com/1IvNHH6.jpg
戴上我的叮叮噹腳鐐,https://i.imgur.com/vU8ilwU.jpg
還有 我背上長出來的毛全都貼起來,https://i.imgur.com/CFRysAC.jpg
我還全副武裝 穿上魔鬼剋星的防護盔甲,https://i.imgur.com/edrEFva.jpg
手上型彈力球拍,https://i.imgur.com/fV4prXA.jpg
光屁屁整人壞蛋,https://i.imgur.com/kts7Q4i.jpg
閉嘴,https://i.imgur.com/CZ6vHIZ.jpg
對 大概吧 可能,https://i.imgur.com/jw2Z60E.jpg
好吧 隨便,https://i.imgur.com/wEH8ahY.jpg
這個笑話太冷了,https://i.imgur.com/qGX0LT2.jpg
等等 怎麼回事,https://i.imgur.com/XH7c8Po.jpg
嚇死我了 到處都是,https://i.imgur.com/SGjybtM.jpg
那件衣服醜到嚇死人,https://i.imgur.com/yByWFu9.jpg
我不要死,https://i.imgur.com/Hiai2Si.jpg
你什麼意思,https://i.imgur.com/80HVF3x.jpg
你的頭可能真的有點小問題,https://i.imgur.com/DROObIt.jpg
只是...裸體,https://i.imgur.com/BMEWU3C.jpg
我要變成海軍弟兄啊,https://i.imgur.com/qR4f0oY.jpg
我有一件事情一直想要告訴你,https://i.imgur.com/RvcIuRL.jpg
我在跟誰說話,https://i.imgur.com/Gztl0yv.jpg
很多年以前我也接受過挑戰,https://i.imgur.com/nns23Hf.jpg
派大星 你有沒有過忘了什麼的感覺,https://i.imgur.com/M8pm21i.jpg
可是我只喝到六種礦物質耶,https://i.imgur.com/8oTvdVr.jpg
白紙黑字寫得清清楚楚,https://i.imgur.com/ylD4VgP.jpg
天空碎片掉下來了 世界末日啊,https://i.imgur.com/AzLXQzn.jpg
再一次的 你跟我又要分開了,https://i.imgur.com/OdPvOeH.jpg
請不要再這麼做了,https://i.imgur.com/DEYzJT7.jpg
我恨高爾夫,https://i.imgur.com/ZNy2QxS.jpg
祝你生日快樂,https://i.imgur.com/icFagaS.jpg
真誠的服務 滿臉笑容,https://i.imgur.com/Xhxgeoi.jpg
有人監視我們,https://i.imgur.com/Ng5NIf7.jpg
"愛在哪裡 ""餐點""",https://i.imgur.com/GZq4uNm.jpg
他說什麼 垃圾,https://i.imgur.com/JR33mLW.jpg
慘了,https://i.imgur.com/6nHKHam.jpg
你快要掛掉了,https://i.imgur.com/zWE3Z0J.jpg
這輩子你就再也笑不出來了,https://i.imgur.com/dUFax7h.jpg
什麼東西有輪子跟蒼蠅,https://i.imgur.com/xAL4u13.jpg
垃圾車啦,https://i.imgur.com/n11hN50.jpg
呵呵...,https://i.imgur.com/FDQi0c1.jpg
這裡沒有好笑的人,https://i.imgur.com/3aHgc4v.jpg
先踏右腳,https://i.imgur.com/zhdMBgp.jpg
我笑不出來了,https://i.imgur.com/8voAMkj.jpg
最好點根火柴,https://i.imgur.com/cQgCeEB.jpg
摸摸看,https://i.imgur.com/kuPSZKX.jpg
沒感覺,https://i.imgur.com/Uos15KC.jpg
笑聲從前是我生命中最重要的事,https://i.imgur.com/9MZ4I9E.jpg
同一天的晚上,https://i.imgur.com/xGGsLOi.jpg
那只是個害我傷心得要命的殘酷玩笑,https://i.imgur.com/gZdWXd9.jpg
你這麼說好像我很壞心一樣,https://i.imgur.com/6jwS3aw.jpg
你們看 他醒了耶,https://i.imgur.com/10BGqKQ.jpg
所以就切掉了,https://i.imgur.com/mWpSGjQ.jpg
你不是該洗碗了嗎,https://i.imgur.com/g8paJuQ.jpg
什麼那麼臭啊,https://i.imgur.com/QiTLCYh.jpg
他為什麼要那麼恨我們,https://i.imgur.com/m3WWhmb.jpg
是啊 我好想知道啊,https://i.imgur.com/skSEP0a.jpg
你們兩個是沒腦袋啊,https://i.imgur.com/ZyxdXho.jpg
你的廚房裡有老鼠,https://i.imgur.com/QOnsPph.jpg
要是我有眼淚 我會哭的,https://i.imgur.com/6GNYF8V.jpg
可以摸嗎,https://i.imgur.com/X45Io4A.jpg
珠寶衛生紙架,https://i.imgur.com/KvbW1vp.jpg
浪漫典雅風情,https://i.imgur.com/QFohMWp.jpg
金光閃閃的果香礦泉水瀑布,https://i.imgur.com/L1OizGo.jpg
足足有130英尺長 我的一字眉雕像,https://i.imgur.com/ZNoNOSr.jpg
好巨大 好逼真哦,https://i.imgur.com/SN2vUOQ.jpg
你又要我找警察來捉你嗎,https://i.imgur.com/UIUxD77.jpg
乾脆把我送上斷頭台去好了,https://i.imgur.com/zoZ1Gri.jpg
你家到處髒兮兮的啊,https://i.imgur.com/jwDi6ml.jpg
好吧 我幫他吸好了,https://i.imgur.com/iLYn9ck.jpg
尼克是誰,https://i.imgur.com/gTe3CFi.jpg
我勸你幾天以後 或幾個星期以後,https://i.imgur.com/vY8XthZ.jpg
再進去,https://i.imgur.com/9L6uDq9.jpg
求你結束我悲慘的生命,https://i.imgur.com/D3KWGix.jpg
饒了我可憐的靈魂,https://i.imgur.com/Uuxs2ZO.jpg
我真是太廢了,https://i.imgur.com/E32pPV8.jpg
你頭殼壞掉啦,https://i.imgur.com/3rZhsl9.jpg
我知道鼻屎是從哪裡來的了,https://i.imgur.com/IHh6er1.jpg
你的好消息呢,https://i.imgur.com/Q1R7TiY.jpg
你可以再那個一點,https://i.imgur.com/FUE19B5.jpg
痞一點,https://i.imgur.com/ETcevYe.jpg
你有夠痞的耶,https://i.imgur.com/6IvXQia.jpg
天賦異稟啊,https://i.imgur.com/u1EiVGD.jpg
皮老闆跟蟹堡小偷團,https://i.imgur.com/uaHPXZ2.jpg
我也曾經探索內心深處秘密,https://i.imgur.com/3SJkSLF.jpg
結果只找到這個,https://i.imgur.com/IBLyvih.jpg
我是窩囊廢,https://i.imgur.com/oBazbhS.jpg
一星期後,https://i.imgur.com/cEGnAXC.jpg
你這個怪咖,https://i.imgur.com/2Uwjpc5.jpg
我是怎麼了,https://i.imgur.com/JEbvEiR.jpg
三個星期後,https://i.imgur.com/riS25Yw.jpg
現在我超正常的,https://i.imgur.com/aGmU1Lk.jpg
太難吃了,https://i.imgur.com/giTsIjE.jpg
我完全聽不懂,https://i.imgur.com/bUPnCpt.jpg
等你想做好玩的事情 再來找我好了,https://i.imgur.com/MHla5OU.jpg
我在擦我的483幅自畫像,https://i.imgur.com/RnipaPP.jpg
又大又腫又垂,https://i.imgur.com/UZCsen2.jpg
你的臉很需要重整一下,https://i.imgur.com/SgiZiKs.jpg
你沒有穿褲子,https://i.imgur.com/nSKWUWX.jpg
我需要澆花水管 還要一部卡車,https://i.imgur.com/XuXDI2x.jpg
我還要你把褲子給脫了,https://i.imgur.com/42ZXww3.jpg
請你專心學習變回怪咖的第一堂課,https://i.imgur.com/BoTuPgQ.jpg
那些都是廢物,https://i.imgur.com/RcfPMrM.jpg
定確你 星大派,https://i.imgur.com/3cBsukA.jpg
我不想當正常人,https://i.imgur.com/KTyhLA4.jpg
走開啦 我們在哭,https://i.imgur.com/znaOBYy.jpg
嗨,https://i.imgur.com/UBJmaoK.jpg
踩油門,https://i.imgur.com/2VdapSZ.jpg
我永遠都不會快樂了,https://i.imgur.com/chzUfDf.jpg
三天之後,https://i.imgur.com/mJVRjcy.jpg
我不相信任何交通工具了,https://i.imgur.com/YnN42FK.jpg
無海綿寶寶日,https://i.imgur.com/ACmrjAN.jpg
大家三不五時都要遠離你的,https://i.imgur.com/NEmg7Oo.jpg
你們高興就好,https://i.imgur.com/dpeulaf.jpg
大家跑到哪裡去了,https://i.imgur.com/Q1FJ067.jpg
餅乾跟白開水,https://i.imgur.com/bTXoPs6.jpg
這是大叛變,https://i.imgur.com/YWg3z4N.jpg
早知道我就去睡馬路邊了,https://i.imgur.com/y7BWd0E.jpg
是不良少年,https://i.imgur.com/GTUSOz6.jpg
不良少年殭屍,https://i.imgur.com/02PjLsR.jpg
不良醜女,https://i.imgur.com/jb2p0gn.jpg
超遠小村莊,https://i.imgur.com/M9VqpeX.jpg
不過她有夠醜的,https://i.imgur.com/3AsSAAJ.jpg
鯨魚對海綿,https://i.imgur.com/W2yAClg.jpg
八秒就夠了,https://i.imgur.com/dYXwsEL.jpg
好玩派對,https://i.imgur.com/qlHy4fA.jpg
我太美 不能當殭屍,https://i.imgur.com/2Ji7hP5.jpg
你不能再靠近了 先生,https://i.imgur.com/8E6SGsd.jpg
愛你哦 小蝸蝸,https://i.imgur.com/3pbwLMY.jpg
你和小蝸完全沒機會,https://i.imgur.com/YQd1Jje.jpg
我一個人在這裡好孤單哦,https://i.imgur.com/XB2PJhQ.jpg
你永遠不懂一個人待在封鎖線後面有多麼孤單,https://i.imgur.com/Et4xvdN.jpg
有人會講蝸牛話嗎,https://i.imgur.com/o2DuSpk.jpg
我會講一點點 先生,https://i.imgur.com/MSISczv.jpg
他們只要摸摸,https://i.imgur.com/SA2pOgk.jpg
到底什麼事可以讓章魚哥 在每個月第三個星期三這麼快樂,https://i.imgur.com/mxau76r.jpg
羅傑 是你嗎,https://i.imgur.com/h46ptCq.jpg
二十四個小時之後,https://i.imgur.com/Xlsv9Y5.jpg
看那傢伙 他不知道怎麼用腳站好耶,https://i.imgur.com/t8GrmTw.jpg
要我給錢看這種白目表演我都願意,https://i.imgur.com/zQHtEF1.jpg
當個腦殘的小呆瓜,https://i.imgur.com/9chzyZ4.jpg
我恨全世界,https://i.imgur.com/hBWfCW2.jpg
這聲音好刺耳,https://i.imgur.com/zNQqdtP.jpg
我在娛樂那些阿呆啊,https://i.imgur.com/qzN8tl7.jpg
海星根本就沒有鼻子,https://i.imgur.com/xRD8UTt.jpg
七個小時之後,https://i.imgur.com/DIYA0VV.jpg
這個梗太老套了吧,https://i.imgur.com/RoK8BPy.jpg
還是差不多無聊,https://i.imgur.com/BA76yLd.jpg
我愛派,https://i.imgur.com/WWJ7dv8.jpg
我覺得我好值錢哦,https://i.imgur.com/kdpTIRr.jpg
你不優啦,https://i.imgur.com/C2gQghC.jpg
你要我把你推下這可怕的高台,https://i.imgur.com/EWobQKV.jpg
跌進滿滿一桶的有刺海膽裡,https://i.imgur.com/ryl2su1.jpg
你要幫我加薪啊,https://i.imgur.com/8FWUebv.jpg
加料篇,https://i.imgur.com/M6JAK4G.jpg
這個如何,https://i.imgur.com/UizyfBD.jpg
你好啊,https://i.imgur.com/QnsLzX7.jpg
你們在哭什麼,https://i.imgur.com/pUXtOQE.jpg
那就別哭了,https://i.imgur.com/1yyEEiH.jpg
給我進去,https://i.imgur.com/yDszDQs.jpg
我不要 這樣很舒服,https://i.imgur.com/vXOgsbX.jpg
他唱了幾個小時的歌之後,https://i.imgur.com/DFValpj.jpg
加強支撐,https://i.imgur.com/01aGQSf.jpg
爸爸 我要買,https://i.imgur.com/X65PdgD.jpg
永不 這兩個字 你哪個字聽不懂,https://i.imgur.com/xVI7ibl.jpg
躲起來就好了,https://i.imgur.com/khCYHlg.jpg
不過現在想了,https://i.imgur.com/ulnR2gz.jpg
希望不要關燈,https://i.imgur.com/Nkivklp.jpg
我聽不見 這裡實在太黑了,https://i.imgur.com/8gWEeJn.jpg
你有夜視力,https://i.imgur.com/LyTsg6f.jpg
記得有支手電筒卡在我耳朵裡嗎,https://i.imgur.com/dzOev6A.jpg
它可能跟我的大腦連上線了,https://i.imgur.com/xDAUg7D.jpg
然後一切就會很美好了,https://i.imgur.com/2v0977s.jpg
還是再跑進女廁所躲起來,https://i.imgur.com/83h7lXI.jpg
現在我們來扮裝成仙子小公主吧,https://i.imgur.com/R1vRj4X.jpg
他打不死啦,https://i.imgur.com/BODQJhY.jpg
我知道 我是很好玩的海星,https://i.imgur.com/jKr8BoR.jpg
要是我有眼睛 早就翻白眼了,https://i.imgur.com/MBTIEos.jpg
海霸堡是新陳代謝燃料,https://i.imgur.com/JpNp2jj.jpg
誰是天才,https://i.imgur.com/WzlXu2n.jpg
朋友 我根本不認識你,https://i.imgur.com/MlTJeiX.jpg
快說 快說對不起,https://i.imgur.com/DZdswII.jpg
好了 我可以老實跟你說句話嗎,https://i.imgur.com/NwpLtzO.jpg
它讓我的腦袋好悲傷,https://i.imgur.com/0CIzqS2.jpg
我看不懂,https://i.imgur.com/o7K5jAE.jpg
沒關係 小傢伙 我也不懂,https://i.imgur.com/XtORWZX.jpg
幾分鐘之後,https://i.imgur.com/Y9c58p9.jpg
1前面的數字是什麼,https://i.imgur.com/8D6BEFC.jpg
0,https://i.imgur.com/Kj5Du0W.jpg
比幾分鐘長一點點的時間之後,https://i.imgur.com/QCtfVTD.jpg
等等 我們在幹什麼來著,https://i.imgur.com/GC4QrRc.jpg
海霸好完,https://i.imgur.com/gwasp6t.jpg
那是我聽過最呆的廣告詞了,https://i.imgur.com/jSXY4jq.jpg
很顯然是越呆越賣錢,https://i.imgur.com/wiBdPZO.jpg
哈哈土蛋不加乳製品了,https://i.imgur.com/gGKGeGZ.jpg
我的腳耶,https://i.imgur.com/IUCFtYT.jpg
我知道你會慘叫,https://i.imgur.com/NA6Vjy6.jpg
兩個小時之後,https://i.imgur.com/NOsgRdl.jpg
算了 如果沒壞就甭修了,https://i.imgur.com/d6dblXZ.jpg
你的馬桶上有個可怕的東東耶,https://i.imgur.com/3N4yXOG.jpg
三天之後,https://i.imgur.com/9ALc7Ov.jpg
好完海霸,https://i.imgur.com/9isHodd.jpg
我知道 我的腦袋燒壞了,https://i.imgur.com/M75a9nR.jpg
"""美味蟹堡好完""",https://i.imgur.com/g6zlwlN.jpg
現在一事無成的失敗臭味 已經深入我的身心了,https://i.imgur.com/3MtMGOp.jpg
那股臭味太難聞了,https://i.imgur.com/fzgg5Z2.jpg
你不能臭成這樣還跑回家來,https://i.imgur.com/Dt4Iqwk.jpg
我們要慶祝你人生中 最偉大的成就,https://i.imgur.com/PuqkAOG.jpg
真的 我有什麼成就啊,https://i.imgur.com/g8N8fyd.jpg
不要再打啞謎了 女人,https://i.imgur.com/Ntmyqul.jpg
絕望聲,https://i.imgur.com/E7oEdNl.jpg
可能是我的聲音,https://i.imgur.com/ItsL8og.jpg
不 不是悲苦聲 是絕望,https://i.imgur.com/MgOnwW2.jpg
真愛危急狀況,https://i.imgur.com/O8GomQL.jpg
她是我的第二代成分分析儀,https://i.imgur.com/T2Ze4hb.jpg
具有256G的記憶體,https://i.imgur.com/ZuGr5YW.jpg
還有全天下最可愛的電腦黑痣,https://i.imgur.com/HJFeeUs.jpg
咪...,https://i.imgur.com/sH56TfI.jpg
你為什麼對我的內臟 那麼感興趣咧,https://i.imgur.com/1k2CvJe.jpg
小螞蟻跟我有什麼關係,https://i.imgur.com/FfeC0hi.jpg
你這單細胞情歌王子,https://i.imgur.com/7KYHANi.jpg
就藏在我的腎臟裡,https://i.imgur.com/398OMUv.jpg
Controlc Alt Delete,https://i.imgur.com/Y5ZebE7.jpg
不准你碰我老婆,https://i.imgur.com/SRTaWx4.jpg
我要失業了,https://i.imgur.com/WU7rmQP.jpg
我在哭耶 怎麼回事,https://i.imgur.com/tAp3x0f.jpg
你老婆爆掉了,https://i.imgur.com/PeQ5lxQ.jpg
岳母大人開罵母老虎程式,https://i.imgur.com/EkJaWB5.jpg
她本來可以嫁給提款機 當有錢少奶奶,https://i.imgur.com/W0ddjgG.jpg
可是她竟然選了你 我真搞不懂,https://i.imgur.com/IwcYbpQ.jpg
吹泡泡課程 兩毛五,https://i.imgur.com/F541buG.jpg
又高又帥又迷人先生,https://i.imgur.com/oD1xrL2.jpg
如果你們耍白痴耍完了,https://i.imgur.com/rHvbWIg.jpg
再見了 軟腳蝦,https://i.imgur.com/DS0q1J7.jpg
求求你放了我,https://i.imgur.com/jbRzl3j.jpg
你很想的,https://i.imgur.com/68gLr9q.jpg
從現在起我要全天候保護屁屁,https://i.imgur.com/5WDCM6W.jpg
過了1分37秒以後,https://i.imgur.com/HZ3Ym1N.jpg
58是全世界最幸運的號碼耶,https://i.imgur.com/RVStYyc.jpg
他們一定是作弊,https://i.imgur.com/hoCQfAs.jpg
我們哪裡都不去,https://i.imgur.com/LuZhvYC.jpg
我一定要揪出作弊鬼來,https://i.imgur.com/7m790U8.jpg
你會死得很慘,https://i.imgur.com/SqmHVGP.jpg
你到底在那裡氣些什麼啊,https://i.imgur.com/wnb3Hb5.jpg
這樣才叫用我的駕照侮辱你,https://i.imgur.com/JhJvb6z.jpg
他太粉紅了,https://i.imgur.com/mdtKBWZ.jpg
我不在,https://i.imgur.com/6Ex1dmu.jpg
沒有人想聽你唱歌,https://i.imgur.com/6TMWeV0.jpg
我現在就要變成吸血鬼了,https://i.imgur.com/bpFR7If.jpg
痛死我了,https://i.imgur.com/9PdG8NT.jpg
海綿寶寶她真的好懂得喝茶哦,https://i.imgur.com/MG0Yujc.jpg
上好美盤,https://i.imgur.com/ADhsdka.jpg
你不要理他 他全身都是彩糖粉,https://i.imgur.com/xlnIoxV.jpg
我討厭吵架啦,https://i.imgur.com/76kUtER.jpg
不要看錄影帶,https://i.imgur.com/mgwqtTj.jpg
等一下 我們家沒閣樓,https://i.imgur.com/djkLhF1.jpg
有了 閣樓,https://i.imgur.com/4YHjjrZ.jpg
死賴著不走的客人終於走了,https://i.imgur.com/ocS25sg.jpg
髒髒,https://i.imgur.com/z7kK9xK.jpg
我不該丟下你一個人穿著輪鞋拿著火把鎖門,https://i.imgur.com/BNW2cl2.jpg
我要宣戰,https://i.imgur.com/cs4XLls.jpg
除垢大師核能砲,https://i.imgur.com/Nl7xggC.jpg
微波動力雷射分子除垢光,https://i.imgur.com/wNg49aU.jpg
雷射導引超高壓強力水柱砲,https://i.imgur.com/DPZaIzG.jpg
特殊羊毛合金所製成的,https://i.imgur.com/auLG4Xr.jpg
結合先進科技和除垢藝術的天才組合,https://i.imgur.com/u8Bxlva.jpg
我叫它 鋼羊毛,https://i.imgur.com/00Nsk2F.jpg
它還附加雷射砲,https://i.imgur.com/wYXVmW3.jpg
這可能會終結世界,https://i.imgur.com/TNOIXIb.jpg
發射雷射麻花捲,https://i.imgur.com/rf7OLJz.jpg
分子雷射強光扭曲現象,https://i.imgur.com/0w48Gol.jpg
是我的電視遙控器卡在喉嚨裡,https://i.imgur.com/RyAL3gM.jpg
快點走過去 假裝什麼都沒有看到,https://i.imgur.com/AdW9tMx.jpg
什麼蛤蜊 我這輩子從來沒看過蛤蜊,https://i.imgur.com/QNjCbJb.jpg
我注意到你們的那顆球了,https://i.imgur.com/na9yuxg.jpg
等你有了錢 你不能只是隨便亂花錢,https://i.imgur.com/TxjDzJG.jpg
你必須擬定計畫,https://i.imgur.com/dsJ5Prl.jpg
吃一輩子都吃不完的草莓泡泡糖,https://i.imgur.com/rvAgj6T.jpg
在下個星期四,https://i.imgur.com/Ji6vvnF.jpg
為什麼你需要借錢的時候 我都有錢借給你,https://i.imgur.com/qpD2h0c.jpg
冰淇淋呢,https://i.imgur.com/vB3U76C.jpg
你的鞋帶鬆了,https://i.imgur.com/eYUaPkO.jpg
你再這樣不知節制的亂灑鈔票,https://i.imgur.com/3sY5MOp.jpg
很快就會沒錢了 然後...,https://i.imgur.com/D0of1qN.jpg
他只是嫉妒我過著光鮮亮麗的新生活,https://i.imgur.com/OnybuyJ.jpg
我忘了 我把錢放在另一個口袋,https://i.imgur.com/nUgm3LB.jpg
不要發霉,https://i.imgur.com/61aOvGR.jpg
沒錯 我就是交警K歌王,https://i.imgur.com/5F9uN2C.jpg
我的掃描器顯示那只不過是一大堆的油渣,https://i.imgur.com/qvQcM2R.jpg
我來沒用,https://i.imgur.com/6oAk6fl.jpg
不知道,https://i.imgur.com/NbyD8AW.jpg
我出十塊,https://i.imgur.com/2z4pjm0.jpg
又該去做那份討厭的工作了,https://i.imgur.com/MjzQ0uw.jpg
我就是一個超級音樂才子,https://i.imgur.com/CUbZgPj.jpg
我一定要少吃一點辣椒醬,https://i.imgur.com/LP30RbH.jpg
你們兩個一點用都沒有,https://i.imgur.com/oGiUISg.jpg
酷耶 怪咖老哥,https://i.imgur.com/Ub1EBDE.jpg
超級巨星,https://i.imgur.com/BbBmy5C.jpg
叫什麼叫,https://i.imgur.com/uSakk4K.jpg
為了生活 我要工作,https://i.imgur.com/VJVnxQt.jpg
而且他失敗了125萬8056次,https://i.imgur.com/zC2YQFy.jpg
那根本是教練的無能,https://i.imgur.com/10EvgWb.jpg
不能把錯怪在學生的身上,https://i.imgur.com/Cq3oYlq.jpg
這並不是你的錯,https://i.imgur.com/HgOmslg.jpg
哈囉 沒用的學生,https://i.imgur.com/Bkfa4fL.jpg
有沒有人要來一塊糖糖呢,https://i.imgur.com/VJf2fIJ.jpg
我來一塊,https://i.imgur.com/R07Ce3n.jpg
好吃得我都好想要哭出來了,https://i.imgur.com/l7QMU59.jpg
課堂上不准吃東西,https://i.imgur.com/I6b3zRD.jpg
爬,https://i.imgur.com/lbNNuEW.jpg
過了幾天之後,https://i.imgur.com/D1ahlYr.jpg
你這個小色鬼,https://i.imgur.com/EMHjhFc.jpg
土東西,https://i.imgur.com/HD0UYCs.jpg
我也不知道你是誰,https://i.imgur.com/J6zBkQy.jpg
我吃了不該吃的東西,https://i.imgur.com/9IogHVo.jpg
小巫見大巫了,https://i.imgur.com/Sg81uKc.jpg
我們看起來不狠 不嗜血嗎,https://i.imgur.com/GaVjQDU.jpg
我只喝低脂鮮血,https://i.imgur.com/59j453I.jpg
你看我們Man不Man,https://i.imgur.com/2Notm0W.jpg
可是只要你和我同心協力,https://i.imgur.com/hNNMBgz.jpg
我又錯過了什麼好戲,https://i.imgur.com/34hU8WB.jpg
要我出賣親朋好友也行,https://i.imgur.com/ggaUa2f.jpg
想不想親我的屁屁 聞我的屁啊,https://i.imgur.com/Oh2OLZo.jpg
我為你感到難過,https://i.imgur.com/sEfZ1z6.jpg
喝起來就像水溝水,https://i.imgur.com/qydLBME.jpg
我好愛你恨我,https://i.imgur.com/IEgK8DT.jpg
不要催我 小妹妹,https://i.imgur.com/7kYPYqy.jpg
我這麼做不是為了錢,https://i.imgur.com/AaLrKn0.jpg
我覺得好欣慰啊,https://i.imgur.com/HYoNV2I.jpg
誰都不准看,https://i.imgur.com/aHF5B4d.jpg
我太遜了,https://i.imgur.com/WMLc88V.jpg
298個冷凍肉餅之後,https://i.imgur.com/TBCOAQS.jpg
要從那個溫暖仲夏夜說起,https://i.imgur.com/Hcawlcc.jpg
萬一你紅不了呢,https://i.imgur.com/yZkSYSO.jpg
我有可能會失去我美麗的秀髮,https://i.imgur.com/i0Lj7po.jpg
我不認得那兩個字,https://i.imgur.com/raqYhcr.jpg
你不要再裝傻了,https://i.imgur.com/dbcvS0P.jpg
我的鬢角是假的,https://i.imgur.com/w79qjaR.jpg
你很廉價,https://i.imgur.com/2u2LbRr.jpg
你需要轉運,https://i.imgur.com/wqkpuje.jpg
她是很破沒錯,https://i.imgur.com/4sqodCx.jpg
我只要一眨眼我就覺得好黑哦,https://i.imgur.com/lIBr6Vm.jpg
如果我說有 你會不會趕快滾蛋,https://i.imgur.com/WeWcWbG.jpg
反正我本來就想幫你加裝尾燈,https://i.imgur.com/vyHpk7e.jpg
開轟趴不找最好的朋友,https://i.imgur.com/d2nfaTD.jpg
你不能待在黑暗中 兄弟,https://i.imgur.com/eR9pBIg.jpg
他為什麼不聽我的,https://i.imgur.com/3VdL3s4.jpg
這樣的話我們需要更多燈光,https://i.imgur.com/hexb6y0.jpg
現在的電視節目怎麼都這麼難看啊,https://i.imgur.com/frw9vJF.jpg
一定會留下疤痕,https://i.imgur.com/HTpYeX5.jpg
真是糗斃了,https://i.imgur.com/JR96kLW.jpg
那個傢伙又來亂了,https://i.imgur.com/B7r0CTJ.jpg
我最討厭這種音樂了,https://i.imgur.com/h9SHUqr.jpg
有37次差點就偷到了,https://i.imgur.com/lszwEzC.jpg
泡芙阿姨的安全駕駛課,https://i.imgur.com/S9mr3GG.jpg
贊助本宣傳安全駕駛節目的是比奇堡道安聯盟,https://i.imgur.com/v6mZ7hW.jpg
也就是比奇堡全體民眾合力禁止海綿寶寶開船上路道路安全聯盟,https://i.imgur.com/JHVjBoI.jpg
檢查胎壓,https://i.imgur.com/SVAvJdp.jpg
繫安全帶,https://i.imgur.com/TIt7dIe.jpg
記得調整後照鏡,https://i.imgur.com/6XOU9v3.jpg
關里庇士先生,https://i.imgur.com/TF3lTr9.jpg
這名字太可笑了吧,https://i.imgur.com/RujUNBQ.jpg
我不是故意要犯法的,https://i.imgur.com/nBHp4QQ.jpg
十年後監獄外頭見囉,https://i.imgur.com/CQg08wa.jpg
你為什麼欺負老人家,https://i.imgur.com/SYUSw0a.jpg
吵什麼吵,https://i.imgur.com/E2VsavD.jpg
你很無趣你知道嗎,https://i.imgur.com/SS3JeYb.jpg
我擔心他會忘了付我的薪水,https://i.imgur.com/vmiXS8m.jpg
問我們怎麼樣才能讓我們快樂,https://i.imgur.com/bhaVn0q.jpg
很高興你沒瘋,https://i.imgur.com/8kTgBN8.jpg
觀眾驚嘆連連,https://i.imgur.com/cRKJOWI.jpg
除了派大星 他得去PP,https://i.imgur.com/nYRXYcV.jpg
遜咖一個,https://i.imgur.com/8IREJVI.jpg
他舉起了兩把鍋鏟,https://i.imgur.com/8n3tF52.jpg
我贏了要通知我,https://i.imgur.com/XhKXpHf.jpg
臭機器 放馬過來,https://i.imgur.com/Fm9QuYR.jpg
蟹堡機真的超快,https://i.imgur.com/WzavNGq.jpg
可是海綿寶寶更快,https://i.imgur.com/LsSHnNI.jpg
爆炸聲好大 吵醒了海神王,https://i.imgur.com/S0faF2t.jpg
吵什麼,https://i.imgur.com/IXOvTBL.jpg
我要去磨我的鐵鉤手了,https://i.imgur.com/QjFDyqk.jpg
又看到那兩個遜咖,https://i.imgur.com/aIcPBP5.jpg
誰理你啊,https://i.imgur.com/TC6oe34.jpg
你是不是很喜歡撞得鼻青臉腫的啊,https://i.imgur.com/dTeh9KS.jpg
你在挑戰我的指揮權,https://i.imgur.com/lBedN8G.jpg
我開始在為藝術受苦了,https://i.imgur.com/iTIb9kT.jpg
收場插曲,https://i.imgur.com/YVhU4sH.jpg
等等 不要噴,https://i.imgur.com/3UMmRpr.jpg
海綿亮亮膏,https://i.imgur.com/uhW2aWk.jpg
我已經解決肚子餓的問題了,https://i.imgur.com/ZFCqueQ.jpg
海綿寶寶 別碰我的脆餅,https://i.imgur.com/AtdmUl3.jpg
不要滴水了 贏家不滴水的,https://i.imgur.com/FkKEzYk.jpg
現在你很像一個贏家了,https://i.imgur.com/YPqLY4w.jpg
笑一個,https://i.imgur.com/HxyaMmG.jpg
我到底怎麼了,https://i.imgur.com/7PvGhZS.jpg
十秒鐘之後,https://i.imgur.com/FGpcfQk.jpg
可是我沒錢啊,https://i.imgur.com/Xxp8s32.jpg
你怎麼不下去,https://i.imgur.com/yHcc4G0.jpg
他連奶奶都不放過,https://i.imgur.com/ajEJpvp.jpg
他把你...烤焦了,https://i.imgur.com/WGvTw2X.jpg
346分鐘之後,https://i.imgur.com/EVZVKNr.jpg
好久好久好久以後,https://i.imgur.com/GR2DkWs.jpg
來抖的,https://i.imgur.com/Ovhwx8s.jpg
那個神經病他頭殼壞掉啦,https://i.imgur.com/vJG1YBO.jpg
最棒的一點就是 我這輩子一事無成 沒什麼成就,https://i.imgur.com/qPzIMDR.jpg
幸好叔公幫我出人頭地 我只要沾沾他的光就好了,https://i.imgur.com/5x4cADj.jpg
我的家族裡都沒有什麼有名的人,https://i.imgur.com/sh9LCe1.jpg
要不然你的生命就會很空虛,https://i.imgur.com/4XmK1SX.jpg
我都沒想到 我的生命會這麼的悲哀空虛,https://i.imgur.com/Aw9T9IJ.jpg
把松鼠趕出去,https://i.imgur.com/OWnPbTI.jpg
只有我沒有,https://i.imgur.com/9RV8pgY.jpg
誰啊,https://i.imgur.com/dO1KR0H.jpg
笨蛋谷,https://i.imgur.com/tfa232s.jpg
在這裡我們都叫他棺材騎士,https://i.imgur.com/SlXnBRY.jpg
我不是你爸,https://i.imgur.com/vqc2Aem.jpg
我好沒用,https://i.imgur.com/SijW3vN.jpg
不要再打我了,https://i.imgur.com/XbHrOhY.jpg
在你們的面前大跳光輝勝利之舞,https://i.imgur.com/WKJ0eav.jpg
我得坦承他很會扭,https://i.imgur.com/Pba49I7.jpg
我們玩完了,https://i.imgur.com/fnA78lO.jpg
我們輸了,https://i.imgur.com/mEeOYNB.jpg
我們怎麼會那麼苦命呢,https://i.imgur.com/Cf9ojLL.jpg
歷史一定會還我公道,https://i.imgur.com/L9qPniI.jpg
那小子真的是秀抖了,https://i.imgur.com/Q13zcqX.jpg
白目小子,https://i.imgur.com/fuAUSwE.jpg
泡泡,https://i.imgur.com/YNdDGu5.jpg
納命來,https://i.imgur.com/PZ2Q1in.jpg
要是我會做 你認為我會站在這裡 被那群暴徒吼來吼去的嗎,https://i.imgur.com/3Zv26bG.jpg
不准你跟你的老闆這樣說話,https://i.imgur.com/rfAQyzE.jpg
這個問題有人問過了,https://i.imgur.com/YgDwvny.jpg
我怎麼不記得我過得這麼悲慘,https://i.imgur.com/2igfFgz.jpg
我的口袋也空空,https://i.imgur.com/yPvw6Mg.jpg
我們這裡經營的可是正當生意,https://i.imgur.com/o2tSY4e.jpg
就算他們很缺人也不會錄用我,https://i.imgur.com/YQlni6w.jpg
我真的是想不透耶,https://i.imgur.com/MPYoVSw.jpg
這個城市到底怎麼了,https://i.imgur.com/JR4UMER.jpg
難道我會怕你威脅我嗎,https://i.imgur.com/x5z8kZX.jpg
你不可以這麼做,https://i.imgur.com/WtksqXa.jpg
刺破泡泡紅眼幫,https://i.imgur.com/yd12xRR.jpg
你知道你做了什麼嗎,https://i.imgur.com/nGcTs4p.jpg
那是我當了20年市長 都做不到的成就,https://i.imgur.com/fEFKBVp.jpg
我一點都不懂政治 不懂預算平衡,https://i.imgur.com/ikZTZRQ.jpg
不懂怎麼當領袖,https://i.imgur.com/BmEEAg8.jpg
我連市長是什麼都搞不清楚,https://i.imgur.com/jx4D20U.jpg
他這次真的要走囉,https://i.imgur.com/Bf89sCz.jpg
他又要走了 耶,https://i.imgur.com/X3NcA4X.jpg
跟他說那是個殘酷的玩笑話,https://i.imgur.com/5oZIJqb.jpg
我會,https://i.imgur.com/xKai9Io.jpg
可以把手還給我了嗎,https://i.imgur.com/pmKEM6z.jpg
不然我就弄出你的大腦來,https://i.imgur.com/H8y3UGC.jpg
請不要取出我的腦,https://i.imgur.com/oYo3Q6V.jpg
請不要得寸進尺了,https://i.imgur.com/VaYUHb7.jpg
你已經注定要失去大腦了,https://i.imgur.com/3oj3put.jpg
我把大腦放到裡面去了,https://i.imgur.com/XbuTySp.jpg
我們有空再聯絡,https://i.imgur.com/Q5Kb9sI.jpg
你們看看 這是什麼呀,https://i.imgur.com/z3XRyOs.jpg
畫家在海上學會的第一堂課就是 永遠要記得多帶一支筆,https://i.imgur.com/jxvw0wU.jpg
不,https://i.imgur.com/TgEy7d9.jpg
去摸摸看,https://i.imgur.com/d36lqUy.jpg
臭畫家,https://i.imgur.com/agv2NBs.jpg
大家都好愛批評,https://i.imgur.com/FcfkcmJ.jpg
博物館永遠掛不了你的畫,https://i.imgur.com/tK8vMfO.jpg
生命真美好,https://i.imgur.com/4DbO040.jpg
我只是想畫卡通圖案,https://i.imgur.com/Kw93Fan.jpg
他在海扁章魚哥耶,https://i.imgur.com/Brz6cLI.jpg
現在到底是什麼情形,https://i.imgur.com/ZZZ6WNf.jpg
光是看到他我就好想吐,https://i.imgur.com/MQNfA3e.jpg
還有醜到爆的領帶,https://i.imgur.com/zf9vzow.jpg
你不同 你很帥,https://i.imgur.com/yAv7lcZ.jpg
生日快樂,https://i.imgur.com/or9ZUoI.jpg
他只是個二度空間生物 迷失在我們的三度空間之中而已,https://i.imgur.com/RwtQlAF.jpg
失去了生命的意義,https://i.imgur.com/mFABQaK.jpg
他還是笑得陰陰的,https://i.imgur.com/UVbb1IN.jpg
再來看看畫家 沒靈感的糗樣,https://i.imgur.com/qCDmxBM.jpg
畫家在海上學會的第二堂重要的課 永遠要記得帶削鉛筆機,https://i.imgur.com/BUN2jUu.jpg
手走開 偷窺狂,https://i.imgur.com/9uhpMVJ.jpg
人生就會很不一樣哦,https://i.imgur.com/FAchoYN.jpg
這樣是很秘密的哦,https://i.imgur.com/BzcCiHn.jpg
我有一點點可愛,https://i.imgur.com/zQJG5mo.jpg
我對你的看法從此改觀了,https://i.imgur.com/qC3oMjo.jpg
天啊 我想都想不到,https://i.imgur.com/XwavILI.jpg
只有我知道 我就是不能夠讓你知道,https://i.imgur.com/xMzGFQG.jpg
你可以當一個透明人,https://i.imgur.com/Uc6yEgt.jpg
可是我比你稍微複雜一點點,https://i.imgur.com/vfUIiXi.jpg
我的內心世界是個難解的謎題,https://i.imgur.com/qdMs4rU.jpg
我的秘密電視頻道,https://i.imgur.com/jdV8IOI.jpg
這個負擔很重,https://i.imgur.com/mcAGTO7.jpg
你別想 章魚哥的房子,https://i.imgur.com/4ewYVV6.jpg
我覺得好羞愧,https://i.imgur.com/YvkW4kE.jpg
我讓我們的友情蒙羞了,https://i.imgur.com/9ReYl80.jpg
可是我做不到啊,https://i.imgur.com/cvort9w.jpg
很大 很值錢呢,https://i.imgur.com/sv6K157.jpg
我一定會死得很難看,https://i.imgur.com/vEh4mrZ.jpg
駕駛白色船隻的朋友請注意 你的大燈沒關,https://i.imgur.com/ZP0sAni.jpg
第二天,https://i.imgur.com/Ad7Zi5N.jpg
第三天,https://i.imgur.com/tiRIACe.jpg
第四天,https://i.imgur.com/GVpdNmt.jpg
又大又醜的蟹腳,https://i.imgur.com/R0JCZCu.jpg
我只是一個窩囊廢罷了,https://i.imgur.com/ZIH2aD1.jpg
別客氣,https://i.imgur.com/SggmsLM.jpg
他本來就很遜,https://i.imgur.com/u6hhkwR.jpg
那些魚怎麼長得這麼醜,https://i.imgur.com/5U9yMhO.jpg
你的眼睛瞎啦,https://i.imgur.com/t9mO7Bx.jpg
請你使盡吃奶的力氣打我,https://i.imgur.com/Bp1nk7q.jpg
用力一點,https://i.imgur.com/LVu9kSq.jpg
我燙到手了,https://i.imgur.com/0gNBkxz.jpg
值夜班,https://i.imgur.com/loMJHdR.jpg
我好怕呀 發生那件事情之後,https://i.imgur.com/VatiKlU.jpg
你不記得了 電視新聞都有報導,https://i.imgur.com/2XHXzlb.jpg
夜光閃亮亮復仇鬼,https://i.imgur.com/N76LGLx.jpg
夜光光 心慌慌 小鬼,https://i.imgur.com/ZNpULmh.jpg
不是 是夜光閃亮亮復仇鬼,https://i.imgur.com/PlX3l53.jpg
花花漂亮亮 垃圾臭嘛嘛,https://i.imgur.com/sPBD95W.jpg
大雨嘩啦啦 手電筒亮光光,https://i.imgur.com/fN05j47.jpg
電話鈴鈴鈴 吃飯,https://i.imgur.com/NbRx6xJ.jpg
你是說像這樣,https://i.imgur.com/0zVh4l8.jpg
他並不是一個海綿,https://i.imgur.com/dY9F36e.jpg
所以呢,https://i.imgur.com/L6HdepA.jpg
所以他不會再生,https://i.imgur.com/ifVd7ny.jpg
噢不,https://i.imgur.com/29jcoEo.jpg
後來他被公車給撞死了,https://i.imgur.com/pJ2JIyu.jpg
現在每一個...,https://i.imgur.com/IMspfAw.jpg
今天星期幾,https://i.imgur.com/r6YPAjf.jpg
星期二,https://i.imgur.com/scvckUU.jpg
星期二晚上,https://i.imgur.com/SpESvD7.jpg
今天就是星期二耶,https://i.imgur.com/9Em5MRS.jpg
給我番茄醬好嗎,https://i.imgur.com/J4TgAlE.jpg
拿去,https://i.imgur.com/UZ9kwYF.jpg
電話會響起,https://i.imgur.com/nXRvWRn.jpg
因為他已經死了,https://i.imgur.com/SksvfX1.jpg
騙你的 是假的,https://i.imgur.com/emkrs81.jpg
平常白天我都沒有時間刷洗天花板,https://i.imgur.com/b0N4Jgq.jpg
簡直就像一座鬼城,https://i.imgur.com/vH7cx1N.jpg
牆壁冒出綠色的黏液,https://i.imgur.com/v1xQiSJ.jpg
我不知道這麼晚還有公車,https://i.imgur.com/tiVXJmK.jpg
你一定很喜歡我,https://i.imgur.com/WaFvkT3.jpg
第一 我恨你,https://i.imgur.com/LS5792q.jpg
我用過你的豎笛通我的馬桶,https://i.imgur.com/osD9IHB.jpg
那是什麼味道,https://i.imgur.com/nHRFJW4.jpg
好香啊,https://i.imgur.com/Gtf3DE7.jpg
這個世界上沒有比錢更重要的了,https://i.imgur.com/qgIyZAE.jpg
可愛美麗的捲髮美女,https://i.imgur.com/tZEBljP.jpg
那泡芙先生出了什麼事,https://i.imgur.com/Z94OznA.jpg
我聽不懂,https://i.imgur.com/yG5awXt.jpg
用鍋鏟扁你,https://i.imgur.com/AuSjcyT.jpg
猜猜你的體重,https://i.imgur.com/1UtQoRz.jpg
我控制不了我自己,https://i.imgur.com/lS08MjK.jpg
我得先打電話給保險公司,https://i.imgur.com/rJI5o2W.jpg
過了一會之後,https://i.imgur.com/2N0E38V.jpg
不要讓我失去她,https://i.imgur.com/VZcz8iW.jpg
你看你又反悔了,https://i.imgur.com/8P5bPAJ.jpg
在紅綠燈前不能做什麼,https://i.imgur.com/8i91c2L.jpg
這是一件不合理 又沒有人性的事,https://i.imgur.com/Pbsq9nt.jpg
馬可,https://i.imgur.com/UwOEvIe.jpg
波羅,https://i.imgur.com/xWTl1Oe.jpg
褲子咧,https://i.imgur.com/Xx9oOnd.jpg
我怎麼會不認得自己的爸媽,https://i.imgur.com/gA95Fid.jpg
萬歲 大白痴來了,https://i.imgur.com/FpVdnEk.jpg
你的朋友可能有點秀逗,https://i.imgur.com/g8Zx8bi.jpg
他常常不知道自己在做什麼東東,https://i.imgur.com/049Nvcx.jpg
他真的是沒救了,https://i.imgur.com/MG2Egai.jpg
只有腦袋空空的人 才會把自己扮成那個德行,https://i.imgur.com/RxYmQtG.jpg
好呆哦,https://i.imgur.com/uslOLn5.jpg
他咬我,https://i.imgur.com/YpFuZBB.jpg
你可不可以不要那麼用力的嘲笑我呢,https://i.imgur.com/OyAGgjY.jpg
我講的笑話太難了是嗎,https://i.imgur.com/n5wXhQz.jpg
我不是一個笨蛋,https://i.imgur.com/QR68RLA.jpg
我們並沒有兒子,https://i.imgur.com/ETqCJOj.jpg
你不應該那樣罵章魚哥的,https://i.imgur.com/EfcGkeT.jpg
他是指這袋垃圾 小笨蛋,https://i.imgur.com/B1NrIoV.jpg
有時候啦 不過 最近沒有,https://i.imgur.com/0LYo2Yj.jpg
它就是那種強調語氣的字,https://i.imgur.com/vO7dEp2.jpg
嘴巴好癢哦,https://i.imgur.com/d6MPRPn.jpg
他很有才華 可是怎麼這麼沒禮貌,https://i.imgur.com/Y2ITTwE.jpg
髒話,https://i.imgur.com/N13pRuq.jpg
沒錯 那是第11號的髒話,https://i.imgur.com/7nxSKFl.jpg
不是應該只有7種嗎,https://i.imgur.com/9QhOC0Z.jpg
小朋友有13種,https://i.imgur.com/9RXYr2A.jpg
好棒 我好愛玩,https://i.imgur.com/Z81Uw4m.jpg
升天電梯,https://i.imgur.com/HxAuj2B.jpg
電鰻,https://i.imgur.com/Ml2CS2x.jpg
你說了第11號哦,https://i.imgur.com/WO0i1xT.jpg
你念了一大堆是在念什麼,https://i.imgur.com/vAyvMfZ.jpg
我現在要放開你們兩個人的嘴,https://i.imgur.com/XyeEJ0q.jpg
你們應該感到羞恥,https://i.imgur.com/LHlYw6N.jpg
13種全講了,https://i.imgur.com/7wxiFqf.jpg
我們要去跟你媽媽告密,https://i.imgur.com/ctbpCJR.jpg
我沒有才華,https://i.imgur.com/3r3kdVk.jpg
我先畫這個頭,https://i.imgur.com/dJVQEgl.jpg
然後擦掉一點點這個畫像的細部,https://i.imgur.com/oxa8vUW.jpg
"1,2,3,一個圓",https://i.imgur.com/4dnjfrm.jpg
太美麗了,https://i.imgur.com/Pqi636N.jpg
這個才是藝術,https://i.imgur.com/awqnlDu.jpg
章魚哥的新生命,https://i.imgur.com/SAoOS7C.jpg
它叫做光頭亮光光,https://i.imgur.com/qh2VXgv.jpg
應該叫垃圾桶清光光,https://i.imgur.com/hdCNJRd.jpg
這雙手根本就沒有資格去創作,https://i.imgur.com/0SHbtm0.jpg
我不要它們了,https://i.imgur.com/Snwyoer.jpg
我必須要擁抱大理石,https://i.imgur.com/fN8EhC1.jpg
我必須要去聞大理石,https://i.imgur.com/i2kCgZ7.jpg
我必須要洗大理石,https://i.imgur.com/jhwJ5XP.jpg
我必須電大理石,https://i.imgur.com/5rhGVd3.jpg
總有一天我會抓到無名,https://i.imgur.com/9k9bBbL.jpg
我會讓他們超舒服的,https://i.imgur.com/lvzcwkL.jpg
想要向我推銷東西,https://i.imgur.com/SgpPTkZ.jpg
我就知道他早知道了,https://i.imgur.com/1V03jtW.jpg
我是逼真的大魚頭,https://i.imgur.com/CI7geZn.jpg
我們可是精英耶,https://i.imgur.com/HYlaJq8.jpg
你只是個翻煎餅肉的,https://i.imgur.com/4iDuerv.jpg
翻煎肉餅不是一件容易的事,https://i.imgur.com/VEmiU9O.jpg
至少我不用去做指甲美容,https://i.imgur.com/sIgcWYN.jpg
跟我道歉,https://i.imgur.com/KhdyzWg.jpg
指甲美容...,https://i.imgur.com/cZ31Akm.jpg
你怎麼會聽得見呢 你連耳朵都沒有,https://i.imgur.com/RXOtk95.jpg
洞洞,https://i.imgur.com/x0Lr6KW.jpg
尖頭,https://i.imgur.com/YQzJmrN.jpg
黃黃,https://i.imgur.com/PKx53Kj.jpg
粉粉,https://i.imgur.com/RHIKYBw.jpg
這是什麼臭味飄了過來,https://i.imgur.com/GsSqgUo.jpg
我最愛胡搞瞎搞,https://i.imgur.com/UGBleH4.jpg
我要回家找媽媽,https://i.imgur.com/J218Msk.jpg
他會在你的背後捅你一刀,https://i.imgur.com/4TQulAA.jpg
我好兇,https://i.imgur.com/Go7Lq4X.jpg
我好憤怒,https://i.imgur.com/caBrbZu.jpg
不過你看他多美啊,https://i.imgur.com/31TECgU.jpg
你不要忘了 他笑你黃黃,https://i.imgur.com/bjEuHjb.jpg
別忘了 他笑你粉粉,https://i.imgur.com/MLbAI66.jpg
我不叫大星,https://i.imgur.com/Oy9iDJm.jpg
黃的,https://i.imgur.com/esHkKVH.jpg
粉紅的,https://i.imgur.com/XrPBKlm.jpg
你喜歡我...,https://i.imgur.com/AHCFPpi.jpg
我的小褲褲新買的時候是白色的,https://i.imgur.com/HhJ4KgF.jpg
過了三天以後,https://i.imgur.com/nFPFLg2.jpg
十二秒鐘之後,https://i.imgur.com/MesbVeo.jpg
什麼 你說什麼,https://i.imgur.com/xyhsrPr.jpg
要懲罰鼻子 別懲罰人,https://i.imgur.com/zgY3dD6.jpg
海綿本來就會忽大忽小的,https://i.imgur.com/Rprh7DL.jpg
好討厭哦 乾脆躺在這裡不動好了,https://i.imgur.com/GLvXqUM.jpg
過了六個半小時後,https://i.imgur.com/SET01uc.jpg
任務圓滿達成,https://i.imgur.com/qEgLRwb.jpg
千萬不可以說粗話 不可以造口業,https://i.imgur.com/Jfw2ZEP.jpg
我真是受不了你,https://i.imgur.com/77EBq2v.jpg
你怎麼不回廚房去解決問題呢,https://i.imgur.com/ujB6cvb.jpg
成功了 派大星 我們拯救了大家,https://i.imgur.com/pa6jFdm.jpg
生日快樂 拜拜 生日快樂恭喜你又老了一歲,https://i.imgur.com/pccTZaE.jpg
什麼 你剛才說什麼,https://i.imgur.com/1XrTEc4.jpg
永遠都快樂...,https://i.imgur.com/CWviYBq.jpg
幫我打...,https://i.imgur.com/mrHVpFN.jpg
好不好吃啊,https://i.imgur.com/wo58lCe.jpg
什麼樣的天才會亂闖紅燈 不禮讓行人,https://i.imgur.com/VBxNPgt.jpg
他們走太慢了啊,https://i.imgur.com/fe0SDL7.jpg
是幽浮耶,https://i.imgur.com/BXDNhiA.jpg
我陪你哈啦 你會給我加薪嗎,https://i.imgur.com/2HsyIQH.jpg
你說了兩次拜章魚哥,https://i.imgur.com/QDyt5je.jpg
因為我喜歡章魚哥,https://i.imgur.com/8FAIBu1.jpg
賤招,https://i.imgur.com/on9T9BU.jpg
上面有沒有小紅莓醬,https://i.imgur.com/XFauM9I.jpg
藍莓醬呢,https://i.imgur.com/YRF7vRN.jpg
小紅莓醬,https://i.imgur.com/fhmQLbr.jpg
臭小鬼 這個問題你問過了 不要浪費我的時間,https://i.imgur.com/FP9TOwM.jpg
你不能那樣兇我兒子 你以為你是誰啊,https://i.imgur.com/qW9qLaz.jpg
我是皮老闆 你的兒子臭得像鼻屎一樣,https://i.imgur.com/dT3uaVw.jpg
你不能這樣兇我老婆 你在搞什麼東東,https://i.imgur.com/wkvILMb.jpg
你應該好好減肥啦 肥佬 你是什麼東東,https://i.imgur.com/IPYSXYz.jpg
你不能那樣兇我的金孫 我們應該要把你送到精神病院,https://i.imgur.com/vQk26sn.jpg
老太婆 你應該躺進木箱 被丟進河裡去才對,https://i.imgur.com/rGDblNH.jpg
我也這麼想,https://i.imgur.com/KXBchrW.jpg
你們都是瘋子 我不要跟你們玩了,https://i.imgur.com/pjF2Mh4.jpg
危險無...洞洞,https://i.imgur.com/PlNBuoT.jpg
現在我們全身都被紅光照住了,https://i.imgur.com/9uHEqxP.jpg
現在警鈴聲吵死人了,https://i.imgur.com/kfpQ6yL.jpg
兩個傻瓜再見拜拜了,https://i.imgur.com/nQuQkbT.jpg
我也不知道,https://i.imgur.com/lfQTm0T.jpg
原來是花枝啦,https://i.imgur.com/i53b6Q7.jpg
巧克力奶油捲耶,https://i.imgur.com/uBKcRMT.jpg
我不在乎客人 你們賺了多少錢,https://i.imgur.com/LTaV5H3.jpg
他們不是我朋友,https://i.imgur.com/lEqwwsg.jpg
其實我很討厭他們所有人,https://i.imgur.com/uZqRkLf.jpg
你的手真的很噁耶,https://i.imgur.com/3UcIpk3.jpg
洗你們的手...,https://i.imgur.com/f5nyYRR.jpg
不要...,https://i.imgur.com/Go6Lhbh.jpg
我們就是這樣贏得了免洗手自由權,https://i.imgur.com/SmmLcLS.jpg
你從來都不洗手嗎,https://i.imgur.com/ykjrGAq.jpg
從來不洗 永遠不洗,https://i.imgur.com/G0yBIL6.jpg
這樣會很困擾你嗎,https://i.imgur.com/Uz21hWy.jpg
老實告訴你 的確很困擾,https://i.imgur.com/jkhbgXF.jpg
要我寫出來給你看是不是,https://i.imgur.com/Cf5cVqN.jpg
我很喜歡我身上的氣味跟細菌,https://i.imgur.com/HwZZj7x.jpg
搶到你鼻子了,https://i.imgur.com/SIx4HlB.jpg
腦漿四溢,https://i.imgur.com/4WovEiu.jpg
要不要投降,https://i.imgur.com/SsF421B.jpg
讓你聞聞我的超噁口臭吧,https://i.imgur.com/5qL6cdC.jpg
鼻屎,https://i.imgur.com/UPtaxMB.jpg
你搶到派大星的黃金了沒有,https://i.imgur.com/4qEMNIA.jpg
他挖出的黃金不是我要的那種,https://i.imgur.com/vDfaeRl.jpg
不要變成襪子,https://i.imgur.com/bgE8dzJ.jpg
不要惹我生氣,https://i.imgur.com/PEohyEU.jpg
諒你不敢,https://i.imgur.com/B83Ayte.jpg
我得去消毒我的眼球,https://i.imgur.com/U9H2hvy.jpg
很抱歉 先失陪一下,https://i.imgur.com/6Muuxti.jpg
我很努力的在速食餐廳工作,https://i.imgur.com/idjAW2R.jpg
提醒我開除我的心理醫師,https://i.imgur.com/QCIOPXM.jpg
他逼我發誓一定要讓你離他遠一點,https://i.imgur.com/3gfAnNQ.jpg
請問這一次又有什麼事,https://i.imgur.com/UX4cstu.jpg
我真是不敢相信,https://i.imgur.com/srdRDR0.jpg
我要他的衣服,https://i.imgur.com/BIOe8PT.jpg
我要他的眼皮,https://i.imgur.com/2wzG1eP.jpg
大家都知道帥哥不是很好當的,https://i.imgur.com/Kh1qL84.jpg
公眾人物的生活真是太可怕了,https://i.imgur.com/hgM1OLE.jpg
我要回到從前啦,https://i.imgur.com/SNl83vY.jpg
我沒有辦法故意傷害你,https://i.imgur.com/HvfgLq4.jpg
你再拖下去我就要傷害你了,https://i.imgur.com/MyRf25G.jpg
這麼做對我的傷害 絕對不會小於對你的傷害,https://i.imgur.com/ELJOECz.jpg
我寧願你離我遠一點,https://i.imgur.com/4wIEngn.jpg
今晚的風有夠大,https://i.imgur.com/psLhCL3.jpg
好殘忍的海神啊,https://i.imgur.com/k7SsyAy.jpg
我要下班了,https://i.imgur.com/GsPfOZE.jpg
上班囉 海綿寶寶,https://i.imgur.com/wwJ7h9W.jpg
小魚說再見囉,https://i.imgur.com/hxhGcUP.jpg
我不想再看這種無聊的電視節目,https://i.imgur.com/EBuFYzN.jpg
我想看很好的節目,https://i.imgur.com/kpeHsEI.jpg
可是你已經造成不良影響了,https://i.imgur.com/Of3Cmfu.jpg
後來,https://i.imgur.com/XTW4QPk.jpg
我讓我好安心哦,https://i.imgur.com/NyDjUxd.jpg
迷死他們 兄弟,https://i.imgur.com/L2DMUkd.jpg
過了三千年之後,https://i.imgur.com/3aqo80N.jpg
我就知道不該起床來上班,https://i.imgur.com/pg17e6J.jpg
制服笑話,https://i.imgur.com/sRNC4mi.jpg
你們看看這個狂野的瘋子,https://i.imgur.com/T4J4C3z.jpg
真是太丟臉了,https://i.imgur.com/sIzRQ92.jpg
大家不要看,https://i.imgur.com/0KFqd10.jpg
年輕人 你為什麼會有這種行為呢,https://i.imgur.com/OK8tZcw.jpg
要是所有的人都這麼瘋狂 不正經 那怎麼得了,https://i.imgur.com/II4bHjO.jpg
真是夠呆的,https://i.imgur.com/YznrA8O.jpg
沒問題,https://i.imgur.com/Wu7ys8n.jpg
你剛才叫我章魚哥,https://i.imgur.com/WGFrUR6.jpg
偶爾犯個法也沒什麼關係,https://i.imgur.com/A51ZWeK.jpg
當個殘暴無情的大壞蛋 真的蠻累的,https://i.imgur.com/1U0dW9m.jpg
錯 不對哦,https://i.imgur.com/OU5sei8.jpg
你們全都是社會的害蟲,https://i.imgur.com/jecgUD7.jpg
史丹利表弟,https://i.imgur.com/7ClzGa0.jpg
反正電視也沒什麼好看的,https://i.imgur.com/2Pwx8kh.jpg
我還是負責管理特定事務的副助理經理呢,https://i.imgur.com/Pyvqa63.jpg
那是我在轉動前門鑰匙,https://i.imgur.com/RAgCpPf.jpg
那是我在服務客人,https://i.imgur.com/XsTpa8V.jpg
那是我在執行衛生清潔工作,https://i.imgur.com/X8XPaTk.jpg
真希望我也有專長,https://i.imgur.com/pqDaCVG.jpg
史丹利 你只是還沒有找到人生的目標而已,https://i.imgur.com/Ckp719G.jpg
又多了一個,https://i.imgur.com/sKXU69t.jpg
快開車,https://i.imgur.com/yFq1AmR.jpg
有意思,https://i.imgur.com/pNg7jSP.jpg
你現在是在跟大師學習哦,https://i.imgur.com/NTVuJ1A.jpg
你沒有資格學習我派大星的發呆藝術,https://i.imgur.com/KxuwIeS.jpg
別說了 滾出去,https://i.imgur.com/QBrwe9G.jpg
他長得像你,https://i.imgur.com/HugzR2h.jpg
聞起來也像你,https://i.imgur.com/NwKwOUM.jpg
嚐起來也像你,https://i.imgur.com/LKyLUvB.jpg
可是,https://i.imgur.com/MkSs32i.jpg
阿金,https://i.imgur.com/hSTyFNS.jpg
叔叔,https://i.imgur.com/wrrTBWb.jpg
史丹利 我不能再幫你揹黑鍋了,https://i.imgur.com/3wsiWKM.jpg
早安 史丹利先生,https://i.imgur.com/fj3WclQ.jpg
這是小杯,https://i.imgur.com/9UHaK2O.jpg
大杯,https://i.imgur.com/b3E1lcS.jpg
還有全新的維京杯,https://i.imgur.com/Lk9HSoz.jpg
促銷活動的目的就是要幫我們省錢,https://i.imgur.com/WhYbQDJ.jpg
那是他週末清理儲物間才翻出來的,https://i.imgur.com/Cv2wOP7.jpg
你不知道你是個隱形人啊,https://i.imgur.com/e5RidoW.jpg
你說了算 老大,https://i.imgur.com/OCAReNu.jpg
臭襪大會,https://i.imgur.com/t68BlEg.jpg
這位是歐拉夫,https://i.imgur.com/mkwffjV.jpg
這位也是歐拉夫,https://i.imgur.com/dwEGpPp.jpg
這位還是歐拉夫,https://i.imgur.com/ICh1ATA.jpg
他也是歐拉夫,https://i.imgur.com/BoEvs9l.jpg
歐拉夫 歐拉夫...,https://i.imgur.com/E7YhlBd.jpg
讓我來猜 你一定叫做...,https://i.imgur.com/mWfsptP.jpg
沒錯 高登,https://i.imgur.com/UTB3JgN.jpg
玩丟盾牌怎麼樣,https://i.imgur.com/bA6ecNQ.jpg
玩丟火燒盾牌怎麼樣,https://i.imgur.com/BPgJMlB.jpg
我們喜歡唱歌,https://i.imgur.com/ab4G52Y.jpg
錯 騙人...,https://i.imgur.com/Jn5gY2h.jpg
我承認那是個爛點子 下次不會再犯了,https://i.imgur.com/l1rtZkl.jpg
沒有下次了,https://i.imgur.com/WciFJgX.jpg
我是世界知名的豎笛演奏家,https://i.imgur.com/ERYUI06.jpg
領有國家執照的室內設計顧問,https://i.imgur.com/L6iavza.jpg
我還是海內外公認的古董文物鑑賞專家,https://i.imgur.com/mBE5zwI.jpg
天賦異稟的漂流木收藏家跟雕刻家,https://i.imgur.com/jfVsuz3.jpg
我還可以看一眼就分辨出任何人身上 穿的任何名牌的品牌名稱跟型號,https://i.imgur.com/ajhmLob.jpg
我做的舒芙蕾超好吃的,https://i.imgur.com/LDE9Jkp.jpg
你可以來當我們的廁所服務生,https://i.imgur.com/Up1Pwu4.jpg
你升官了耶,https://i.imgur.com/akmepC9.jpg
這就是我應得的尊重嗎,https://i.imgur.com/xhXa7G3.jpg
砍下去 大哥,https://i.imgur.com/tTCcwK7.jpg
地獄魔王為什麼不饒了我們,https://i.imgur.com/XXi6T4q.jpg
這是安心小毯毯,https://i.imgur.com/KkKOJTI.jpg
怎麼用安心小毯毯補破洞,https://i.imgur.com/1Gtvmpz.jpg
不是啦 它只是會讓我們安心一點,https://i.imgur.com/7R5jziC.jpg
你忘了你的毯毯了,https://i.imgur.com/I8ZT7sT.jpg
說謊是不對的,https://i.imgur.com/TNpcH18.jpg
補充腦漿,https://i.imgur.com/4ZnNqvo.jpg
早說嘛,https://i.imgur.com/2xHUh6b.jpg
長大後要當壞人哦,https://i.imgur.com/gwwWnTw.jpg
我不可以背叛她,https://i.imgur.com/8gbMysj.jpg
糖果小魚香香QQ軟糖,https://i.imgur.com/6ujGyhl.jpg
你就是這樣子找樂子的,https://i.imgur.com/PO8YYj1.jpg
吃掉自己的同類,https://i.imgur.com/LkWXkUe.jpg
你這種壞蛋讓我想吐,https://i.imgur.com/bf4RsUb.jpg
戴爾的遭遇真是可憐耶,https://i.imgur.com/jImR7lp.jpg
比奇堡抱抱大會,https://i.imgur.com/ySCRNDu.jpg
是不是有人需要抱抱啊,https://i.imgur.com/0CiBoxM.jpg
好像很危險哦,https://i.imgur.com/i71bBLp.jpg
我好遺憾,https://i.imgur.com/jlyc5LN.jpg
我有自己的問題,https://i.imgur.com/rpwwPhO.jpg
你還有下次,https://i.imgur.com/YpZSYK9.jpg
現在是怎麼樣,https://i.imgur.com/IANCEZ9.jpg
因為明天是個很特別的日子,https://i.imgur.com/WzUD9zv.jpg
你根本就不知道 明天是什麼日子吧,https://i.imgur.com/3h6xMHP.jpg
不知道,https://i.imgur.com/pg6XAGY.jpg
我知道 我怎麼可能會不知道呢,https://i.imgur.com/9SZTuVt.jpg
妳今年幾歲了 12歲,https://i.imgur.com/8u1R8Jw.jpg
這是我一生當中 最重要的一個生日,https://i.imgur.com/qZLD5BP.jpg
那是不可能發生的事,https://i.imgur.com/4iKMXQD.jpg
不能小氣,https://i.imgur.com/SDUt6tK.jpg
她爸去年在派對上 居然發迴紋針給我們玩,https://i.imgur.com/H17cgmM.jpg
我好想看他今年 是怎麼個小氣法,https://i.imgur.com/wil2Daf.jpg
各位朋友 小心大地震,https://i.imgur.com/b5bivr1.jpg
泡泡紙,https://i.imgur.com/iCSeLmq.jpg
我可以用一張塑膠卡去買東西,https://i.imgur.com/WiS3pUc.jpg
現在去跟蹤她 看她喜歡什麼,https://i.imgur.com/LhCPQ9U.jpg
我要去臥底了,https://i.imgur.com/dap4o5j.jpg
然後瑪西跟我說,https://i.imgur.com/ASEwQP2.jpg
茱莉說安琪拉暗戀布萊德耶,https://i.imgur.com/0IczHfz.jpg
安琪拉暗戀布萊德,https://i.imgur.com/YJozFVI.jpg
我想用這個塑膠卡片 買下這個塑膠梳子,https://i.imgur.com/zVPdPDs.jpg
快 蟹老闆怎麼寫,https://i.imgur.com/WKm78eL.jpg
我很確定有個老字吧,https://i.imgur.com/DttOZV6.jpg
你過關了,https://i.imgur.com/9WDF9hG.jpg
我永遠都搞不懂 塑膠貨幣的原理,https://i.imgur.com/y2OD9ni.jpg
亮彩唇膏,https://i.imgur.com/O3Fyq9y.jpg
糟了 我買錯禮物了,https://i.imgur.com/KODlAEW.jpg
她出生那天我就買下來了,https://i.imgur.com/WQGnGgV.jpg
大拍賣買的,https://i.imgur.com/9CJd1TN.jpg
"""我有兒子了 我有女兒了"" 她一定會喜歡的 蟹老闆",https://i.imgur.com/K3Mln6S.jpg
"""狗魚""",https://i.imgur.com/kc7PLdn.jpg
嗨 比利...,https://i.imgur.com/1mpzK6J.jpg
他真的好帥哦,https://i.imgur.com/h5iS4BQ.jpg
幫我查一下價錢,https://i.imgur.com/odfe64K.jpg
它是真正的精品,https://i.imgur.com/R7j9xm4.jpg
他們的歌我都會唱,https://i.imgur.com/FcPwVhp.jpg
的確很酷 可惜他不酷,https://i.imgur.com/d3kAKjQ.jpg
派對開始的時間就快到了,https://i.imgur.com/5KTw77M.jpg
過期的爆米花,https://i.imgur.com/hanfMCF.jpg
喝起來像洗碗水,https://i.imgur.com/WzR0314.jpg
本來就是洗碗水,https://i.imgur.com/aM5pYHn.jpg
是硬紙板做的,https://i.imgur.com/5QrYHom.jpg
加了奶油啦,https://i.imgur.com/rXukk5E.jpg
一定刷新了紀錄,https://i.imgur.com/bB3qtrM.jpg
妳好 小美眉,https://i.imgur.com/tSrzkDE.jpg
"""衛生紙就擦不停""",https://i.imgur.com/dGyZpK4.jpg
"""我不要停 不要停""",https://i.imgur.com/IUvKN6b.jpg
"""不要停 我要哭""",https://i.imgur.com/5D00buX.jpg
你以為我是...,https://i.imgur.com/IQoKz08.jpg
"""蝸牛殼蠟""",https://i.imgur.com/uPjvfR1.jpg
小蝸 你的殼裡也太髒亂了吧,https://i.imgur.com/26OQA7r.jpg
還在 從除夕到現在,https://i.imgur.com/85yUE07.jpg
超特急快遞 送給我的,https://i.imgur.com/o0Npbap.jpg
因為我...,https://i.imgur.com/g04TPaz.jpg
很特別,https://i.imgur.com/3pDHKBr.jpg
每次我送東西來 你都要來這一套,https://i.imgur.com/hz8D4Kd.jpg
你中大獎了 海綿寶寶幸運星,https://i.imgur.com/ePToYHE.jpg
風光明媚 氣候宜人,https://i.imgur.com/bLnfpZ4.jpg
這件事情一定有詐,https://i.imgur.com/zO3MR5f.jpg
妳為什麼認定 那就是空手道聖島,https://i.imgur.com/8WXJ0nP.jpg
"""歡迎光臨空手道聖島"" 不知道 幸運猜中的",https://i.imgur.com/cMuoLTY.jpg
我是烏龍大師,https://i.imgur.com/Kdtp56m.jpg
多學著點 姊妹,https://i.imgur.com/cwlRBDA.jpg
這個詭異的地方 絕對大有問題,https://i.imgur.com/stlUiFr.jpg
舉世無雙,https://i.imgur.com/ZAbmRyZ.jpg
我們要去籌備你的加冕典禮了,https://i.imgur.com/BIgs4SP.jpg
時候到了 你應該要成為大王,https://i.imgur.com/GmkaTKB.jpg
給我聽好 烏龍 我在盯著你,https://i.imgur.com/8Ora73j.jpg
我不會讓你們得逞的,https://i.imgur.com/gQml5YL.jpg
讓你一直哭,https://i.imgur.com/B4bd0jK.jpg
極恐武功魔塔,https://i.imgur.com/70GLchh.jpg
你過不去的,https://i.imgur.com/7EHUZE5.jpg
除非你擊敗我 搔癢客,https://i.imgur.com/MvOUgRW.jpg
跟我的不求人鐵爪功,https://i.imgur.com/I8Zv2e4.jpg
準備癢到想一頭撞死吧,https://i.imgur.com/1HyX0es.jpg
試吃一下,https://i.imgur.com/XCkFCVP.jpg
不 果醬甜甜圈,https://i.imgur.com/cfA8ztv.jpg
你怎麼知道這是我的弱點,https://i.imgur.com/FWSuRjR.jpg
這是每個人的弱點,https://i.imgur.com/HLks7k8.jpg
我很需要紙巾,https://i.imgur.com/KLZHHub.jpg
我是大嘴女,https://i.imgur.com/9QpAExy.jpg
我嘴大吃四方,https://i.imgur.com/ZyUxzPd.jpg
可以一口就把你給咬爛,https://i.imgur.com/u2f4XT9.jpg
"""護唇膏""",https://i.imgur.com/xCx10ZP.jpg
從來沒有人 能闖進我超噁阿肥這一關,https://i.imgur.com/smyWw2t.jpg
聞一聞 我臭死人不償命的體臭吧,https://i.imgur.com/yAe6wuu.jpg
臭到自己了,https://i.imgur.com/HnlWM8E.jpg
你是說你的陰謀詭計 就是要逼我們買房地產,https://i.imgur.com/6aO22Yx.jpg
要是你們投資一筆錢 建造海島木屋,https://i.imgur.com/sQQjopV.jpg
你們的投資呢 至少會增加十倍,https://i.imgur.com/V9kHMOe.jpg
也許你跟你的小黃朋友 會想要設定一下貸款計劃,https://i.imgur.com/wc0n6XH.jpg
你沒戲唱了 烏龍,https://i.imgur.com/g5NEdJ9.jpg
我來跟你分析一下房地產,https://i.imgur.com/a6IkwAD.jpg
"""僅此紀念森田則之""",https://i.imgur.com/ik64UmU.jpg
一個大怪物美味蟹堡 謝謝,https://i.imgur.com/8GVXRAy.jpg
好久沒有人點大怪物蟹堡了,https://i.imgur.com/EaoaVW5.jpg
你說一個大怪物美味蟹堡,https://i.imgur.com/cp1e3VG.jpg
一個大怪物美味蟹堡,https://i.imgur.com/hbFj2IS.jpg
大怪物美味蟹堡A,https://i.imgur.com/DdmQ4Je.jpg
大怪物美味蟹堡...,https://i.imgur.com/tB3E0CY.jpg
大怪物美味蟹堡B,https://i.imgur.com/nlYjBXU.jpg
傻瓜,https://i.imgur.com/abmBOJv.jpg
鏟鏟,https://i.imgur.com/DYuE7Dv.jpg
繼續吧,https://i.imgur.com/zcGFVVR.jpg
工作 我要怎麼工作,https://i.imgur.com/hdJdFQu.jpg
用另一把鍋鏟啊,https://i.imgur.com/flpc1SH.jpg
鏟鏟 等我 鏟鏟,https://i.imgur.com/NXWb9dX.jpg
我不知道該怎麼開口,https://i.imgur.com/GpWJE2F.jpg
海綿寶寶 如果我是你,https://i.imgur.com/zGI0BEz.jpg
我就會非常嚴肅認真的 開始去考慮...,https://i.imgur.com/3ovwplT.jpg
使用另一把鍋鏟,https://i.imgur.com/KsFaSX7.jpg
回家吧 休息一下,https://i.imgur.com/SkWrYdB.jpg
我們一定會盡全力的,https://i.imgur.com/SwXxSy8.jpg
我並不是醫生,https://i.imgur.com/ftNejBV.jpg
我只是個來試鏡的演員,https://i.imgur.com/yN0MbrM.jpg
它好炫哦 好閃電,https://i.imgur.com/p9Y2SVD.jpg
那個線條好...流線,https://i.imgur.com/unDQGZw.jpg
我傾家盪產了,https://i.imgur.com/GeLfIRk.jpg
衣服很好看,https://i.imgur.com/PRyWqMI.jpg
你到底在傻笑什麼,https://i.imgur.com/5FjFxS3.jpg
最好真的很好笑,https://i.imgur.com/LWLH1KC.jpg
難道你都沒有羞恥心了嗎,https://i.imgur.com/yEQBhpw.jpg
可以讓我出名嗎,https://i.imgur.com/dCUnyb0.jpg
難道你要違抗你老闆的命令嗎,https://i.imgur.com/4NCHVOa.jpg
沒關係 不要害羞嘛,https://i.imgur.com/KLUSrZ1.jpg
第一天上班都會很難熬的,https://i.imgur.com/SbTfrE3.jpg
我才不要碰那個油膩膩的...,https://i.imgur.com/SMwevAE.jpg
走開,https://i.imgur.com/6hjZnj9.jpg
可是...我以為我們是朋友,https://i.imgur.com/qojXfpX.jpg
我們的社會階級是不一樣的,https://i.imgur.com/XegeIqc.jpg
祝你擁有美好油膩的人生 小廚子,https://i.imgur.com/YbdK40e.jpg
我為了你傾家盪產 你不能走,https://i.imgur.com/ff4Ro6v.jpg
管你的,https://i.imgur.com/sTjw6Ns.jpg
永別了 下人,https://i.imgur.com/OKdmo4x.jpg
你沒資格用我這把超高檔鍋鏟,https://i.imgur.com/N9msmgS.jpg
我曾經有過鍋鏟 真正的鍋鏟,https://i.imgur.com/E6R25jp.jpg
不嫌棄我油膩膩的,https://i.imgur.com/MO6xt73.jpg
同甘苦 共患難,https://i.imgur.com/ECF9Vl2.jpg
可是我卻像個傻瓜 背叛了他,https://i.imgur.com/dtbUmuO.jpg
它已經到廚具天堂去做小天使,https://i.imgur.com/DJ6bKdl.jpg
它...掛了,https://i.imgur.com/9ToE2cT.jpg
我並沒有被錄取,https://i.imgur.com/nqPsTMK.jpg
我好遺憾,https://i.imgur.com/tbk4P61.jpg
我不是故意要背叛你的,https://i.imgur.com/msb9aRB.jpg
都怪我一時太軟弱了,https://i.imgur.com/iU6YaED.jpg
我做了什麼...,https://i.imgur.com/1VRwcYe.jpg
美麗外表蒙騙了我,https://i.imgur.com/4AD2r9e.jpg
"""蟹飽王餐廳""",https://i.imgur.com/DIHy2hE.jpg
小鏟鏟 我們又在一起了,https://i.imgur.com/stl6nPC.jpg
什麼都不能拆散我們,https://i.imgur.com/3lvYsUl.jpg
你給我慢著 老兄,https://i.imgur.com/wVUFgWZ.jpg
那小子看起來賊頭賊腦的,https://i.imgur.com/aRC5cEQ.jpg
誰知道他是不是偷來的,https://i.imgur.com/qxUstP1.jpg
我得不到 誰都別想,https://i.imgur.com/NggspKa.jpg
這麼小就這麼浪費 太不像話了,https://i.imgur.com/hG6fJaW.jpg
算了吧 金剛屁屁太大了,https://i.imgur.com/sfRx3eH.jpg
我所有的願望都已經實現了,https://i.imgur.com/7SCQ8FS.jpg
你這個敗家子為什麼亂丟錢,https://i.imgur.com/hx2fofE.jpg
然後呢,https://i.imgur.com/SoTTvyc.jpg
就這樣 不會有然後了,https://i.imgur.com/hugeHFe.jpg
有人那麼笨 丟錢丟好玩的,https://i.imgur.com/MeWyaFn.jpg
這真是個削錢的好方法,https://i.imgur.com/RcAQmBF.jpg
請問銅板可以還我們了嗎,https://i.imgur.com/rk9x11u.jpg
這工作真是超爛的,https://i.imgur.com/FClGesn.jpg
不過總比做苦工好太多了,https://i.imgur.com/eBFmQup.jpg
不是要死掉以後 才能夠蓋紀念館的嗎,https://i.imgur.com/Vm7RY7C.jpg
難道你不相信魔法嗎,https://i.imgur.com/on0GGaq.jpg
對 我不信,https://i.imgur.com/07ReZPj.jpg
我相信,https://i.imgur.com/IarfOdT.jpg
你最大的願望是什麼,https://i.imgur.com/w0NwnRC.jpg
我最希望能夠離你越遠越好,https://i.imgur.com/9pnMmcw.jpg
我絕對不做這種苦工,https://i.imgur.com/QjLyGKS.jpg
"""就算每一天都很痛苦""",https://i.imgur.com/cV3KmJB.jpg
"""你會騎著彩虹獨角獸""",https://i.imgur.com/9yIpeko.jpg
"""當你的生命失去了希望""",https://i.imgur.com/JHwKTnG.jpg
"""你想放棄所有夢想""",https://i.imgur.com/4U3n4Ml.jpg
我沒有哭,https://i.imgur.com/6rVVXHp.jpg
沒有聽過那麼難聽的歌,https://i.imgur.com/71Kn5Ny.jpg
我只聞到垃圾臭味,https://i.imgur.com/lOalASK.jpg
不必聽他唱歌實在太棒了,https://i.imgur.com/fNeOgl6.jpg
為什麼我得到井底去呢,https://i.imgur.com/5OKc424.jpg
那我要待在下面多久,https://i.imgur.com/EAD6xEy.jpg
謝謝你幫我升官,https://i.imgur.com/lTvszLw.jpg
這裡面好黑暗好可怕哦,https://i.imgur.com/S1Xv3fn.jpg
我現在要遵照傳統的習俗 給你添一點點香油錢,https://i.imgur.com/8lR4Qxs.jpg
不 我命令你讓我長高,https://i.imgur.com/bAX6xxD.jpg
一點點就好了,https://i.imgur.com/p0OJQKB.jpg
我想成為一個超辣小辣媽,https://i.imgur.com/JeK1FaJ.jpg
你怎麼知道我的名字,https://i.imgur.com/hMjRA2d.jpg
好的 會說話的神奇垃圾桶,https://i.imgur.com/yXJ7Gu2.jpg
我還要在這裡 待六個半小時才能夠下班,https://i.imgur.com/JyU5BgG.jpg
我丟了我的頭,https://i.imgur.com/l8wXULU.jpg
是啊 隨便啦,https://i.imgur.com/B5ifafa.jpg
可以出去了嗎,https://i.imgur.com/e70Ai91.jpg
當然不行了,https://i.imgur.com/N09z5hk.jpg
你要留在下面,https://i.imgur.com/WOY6ZS5.jpg
哪裡做錯了,https://i.imgur.com/IudbNBI.jpg
我夠真心 夠誠意,https://i.imgur.com/H0UVfrZ.jpg
這樣很棒嗎,https://i.imgur.com/GYpBoRk.jpg
我從來沒有做過這種事,https://i.imgur.com/7LEtcJG.jpg
生命越來越美好了,https://i.imgur.com/7Id6ZMx.jpg
對 你應該多運動,https://i.imgur.com/YjDcADu.jpg
我為什麼不現在就開始呢,https://i.imgur.com/yvAvoZY.jpg
我可以把你們兩個飯桶 當成啞鈴舉,https://i.imgur.com/tyfaDFb.jpg
離我遠一點好不好,https://i.imgur.com/kVwSUvD.jpg
你會害我得幽閉恐懼症,https://i.imgur.com/yR4LmZz.jpg
什麼是幽閉恐懼症,https://i.imgur.com/uMnGYM0.jpg
那表示他很害怕聖誕老人,https://i.imgur.com/9drdWek.jpg
才不是呢,https://i.imgur.com/QA3jc12.jpg
別鬧 你嚇死他了,https://i.imgur.com/vSEimle.jpg
你的手肘打到我的肋排了,https://i.imgur.com/KlWCDwy.jpg
你不要再踩我的馬鈴薯沙拉了,https://i.imgur.com/FxGumE0.jpg
這裡又沒有聖誕老人,https://i.imgur.com/oHIpFlk.jpg
自由 我自由了,https://i.imgur.com/raYUApI.jpg
我唯一的願望 就是希望遠離這裡,https://i.imgur.com/9WrgVT4.jpg
活該,https://i.imgur.com/MTpK3kG.jpg
你昨天晚上收了多少錢啊,https://i.imgur.com/Ys33uia.jpg
我永遠都不相信魔法 永遠,https://i.imgur.com/FbcfDlN.jpg
我希望變成清蒸螃蟹 淋上超熱的滾燙奶油,https://i.imgur.com/p1Yd68L.jpg
請問你的魔法在哪裡,https://i.imgur.com/VoDMSnn.jpg
怎麼會這樣呢,https://i.imgur.com/11vk24R.jpg
我不知道你現在又想搞什麼鬼,https://i.imgur.com/dwb30db.jpg
我現在就告訴你 別作夢了,https://i.imgur.com/6wLhE3a.jpg
你看不出來我在求和嗎,https://i.imgur.com/QcvAvTa.jpg
你明知道我不識字,https://i.imgur.com/7T3lUC6.jpg
我不想再跟你競爭了,https://i.imgur.com/r24oYl3.jpg
可是你以前都是來陰的,https://i.imgur.com/8uL4Et5.jpg
沒有錯 我都只是想偷而已,https://i.imgur.com/PdYkKqD.jpg
但是每一次我都輸得慘兮兮的,https://i.imgur.com/OKcfiFz.jpg
我只要一想到這件事情 我的心就會全部都糾在一起,https://i.imgur.com/KJUsbNA.jpg
給你看個東西,https://i.imgur.com/Eq178Fa.jpg
掃什麼掃啊,https://i.imgur.com/FlXhRpV.jpg
你知道我這裡 已經多久沒有客人來了嗎,https://i.imgur.com/0T823AS.jpg
其實 我沒有看過你這裡有過客人,https://i.imgur.com/KDpWJtY.jpg
所以我才要做出痛苦的決定 從此退出餐飲業,https://i.imgur.com/3iftHvu.jpg
你想要把你的餐廳 變成一堆垃圾,https://i.imgur.com/oMXTU4k.jpg
拜託 你一定是開玩笑吧,https://i.imgur.com/thEsAkv.jpg
我不會放鬆警戒心的,https://i.imgur.com/XBRjypp.jpg
我要好好經營 沒有競爭者的新事業了,https://i.imgur.com/VREm4Sh.jpg
沒想到會有員工這麼的聽話,https://i.imgur.com/I0RR0Pp.jpg
那是什麼聲音 怎麼那麼吵,https://i.imgur.com/b2kMxFl.jpg
我有預感 我會愛上充滿新事物的新生活,https://i.imgur.com/93XgdXi.jpg
現在誰都看不到什麼了,https://i.imgur.com/kHRZf0H.jpg
你還不明白嗎 這是他的陰謀詭計,https://i.imgur.com/fzxItCg.jpg
我太瞭解他了,https://i.imgur.com/srHLJi0.jpg
他以為可以唬弄我們,https://i.imgur.com/883hz4D.jpg
當然了 沒腦袋的小子,https://i.imgur.com/L056E9H.jpg
知道還有什麼好消息嗎,https://i.imgur.com/BUJfRH3.jpg
我們終於可以來聽音樂了,https://i.imgur.com/sk9HNBR.jpg
開始了,https://i.imgur.com/CR3Shv6.jpg
勝利 狂歡的時間到了,https://i.imgur.com/4dQC7wl.jpg
這未免太無聊了吧,https://i.imgur.com/XzVKnZG.jpg
跳 不然開除你,https://i.imgur.com/cPxw2Rk.jpg
等一下下,https://i.imgur.com/2rBv2G6.jpg
"""雪球 墳充玩具""",https://i.imgur.com/fdQZW1y.jpg
岩漿燈,https://i.imgur.com/7pmfW81.jpg
裝得很像嘛,https://i.imgur.com/z4sP9xl.jpg
但是我不會上當的,https://i.imgur.com/6wUV2ZV.jpg
我絕對會奉陪到底,https://i.imgur.com/VaEOWY9.jpg
亮晶晶的小雪球 是快樂的小雪球,https://i.imgur.com/F65BWTV.jpg
你也許會騙得過其他的人 甚至騙得了自己,https://i.imgur.com/Uyd3gQn.jpg
可是你騙不了我,https://i.imgur.com/L3qIx1i.jpg
沒有錯 我又被你逮到了,https://i.imgur.com/np5kuvy.jpg
一切都過去了,https://i.imgur.com/Yay5VsE.jpg
新奇的事物,https://i.imgur.com/BtxCkNW.jpg
騙人,https://i.imgur.com/0pdwR1H.jpg
你還是活在過去,https://i.imgur.com/1MBwtzG.jpg
你騙人,https://i.imgur.com/jIrhpe6.jpg
你很想要對吧,https://i.imgur.com/tYe3MA7.jpg
謝了 我不要,https://i.imgur.com/Ylb4uGX.jpg
我就知道 你假裝不在乎其實是想騙我,https://i.imgur.com/XeCGU4f.jpg
等一等 你說不要,https://i.imgur.com/oZcTh7Q.jpg
要是你不相信我 是你有問題 不是我,https://i.imgur.com/nOEcLzu.jpg
有問題 我才沒問題呢,https://i.imgur.com/rcEMYUZ.jpg
有問題的明明是你,https://i.imgur.com/GAlDWnp.jpg
看看這個 毫無意義,https://i.imgur.com/ozf6VAq.jpg
全是假裝的,https://i.imgur.com/1kBuu0t.jpg
大騙局 騙子 臭老千,https://i.imgur.com/Z1LsMiB.jpg
不要再騙了,https://i.imgur.com/43SYzkg.jpg
大詐包 陰險狡猾的東西,https://i.imgur.com/wmGm5hx.jpg
沒良心的壞蛋,https://i.imgur.com/gmgrmd3.jpg
看 有問題的人到底是誰啊,https://i.imgur.com/8HqFgY1.jpg
全被你毀了,https://i.imgur.com/ukUgy2L.jpg
我只是想討口飯吃,https://i.imgur.com/O2cgpPv.jpg
好了 你別裝了,https://i.imgur.com/ijN4ltI.jpg
來拿,https://i.imgur.com/3fClgSB.jpg
太慢了,https://i.imgur.com/QegLxg1.jpg
你滾,https://i.imgur.com/MKZuhn7.jpg
你想要裝可憐 讓我們大家都相信你,https://i.imgur.com/LUGjrbY.jpg
我們會心軟 等我們一轉過頭你就偷襲我們,https://i.imgur.com/nwxq6C6.jpg
掉了,https://i.imgur.com/qAwvpqq.jpg
現在我有了新的生活了,https://i.imgur.com/Srx6JmU.jpg
我過得很快樂,https://i.imgur.com/JaQcL0U.jpg
真沒想到會有這麼一天,https://i.imgur.com/IFovEkE.jpg
為今天的事情向你道個歉,https://i.imgur.com/XJu0nYb.jpg
我不應該那麼做的,https://i.imgur.com/FJ5MPvG.jpg
我想好好的補償你,https://i.imgur.com/AAMg7ZP.jpg
也許我們可以做朋友,https://i.imgur.com/JbG9gwS.jpg
好啊 我很願意跟你做朋友,https://i.imgur.com/EyeqbZF.jpg
我又贏了,https://i.imgur.com/VZNZ2Ii.jpg
我現在 真的可以百分之百的信任你了,https://i.imgur.com/GuGJcNA.jpg
那對我意義重大,https://i.imgur.com/Ohf1scb.jpg
我真不敢相信你居然還想...,https://i.imgur.com/q1YUYhv.jpg
現在情況不同了,https://i.imgur.com/GmtCDIB.jpg
你...你是認真的,https://i.imgur.com/8LOu09J.jpg
你可能永遠都會懷疑我,https://i.imgur.com/LICQx64.jpg
你說得真好,https://i.imgur.com/p414zJV.jpg
我精心策劃的陰謀詭計 終於大功告成了,https://i.imgur.com/ba03drZ.jpg
我應該去選總統的,https://i.imgur.com/hBCPNFP.jpg
"""騙到你了 愛你的螃蟹""",https://i.imgur.com/v5AVi2J.jpg
到最後 我的陰謀詭計還是騙到你了,https://i.imgur.com/moT83WN.jpg
今天真是風和日麗,https://i.imgur.com/P1QYjsx.jpg
蝸牛黏液,https://i.imgur.com/syAoAa2.jpg
但是你給我記住這句話,https://i.imgur.com/uaNyXFV.jpg
這會是最後一次了,https://i.imgur.com/TcJqC1a.jpg
我安全多了,https://i.imgur.com/6tbHodN.jpg
就不要怪我對你不客氣了,https://i.imgur.com/S5wKco5.jpg
我會叫捕蝸牛大隊來,https://i.imgur.com/knl9kS3.jpg
他...他咬我,https://i.imgur.com/0beqPoP.jpg
你怎麼會這樣呢,https://i.imgur.com/VKYhzzi.jpg
只有你會養出這種小壞蛋來,https://i.imgur.com/UhRsWQj.jpg
希望他有打預防針,https://i.imgur.com/8P7OIUr.jpg
全部都打了,https://i.imgur.com/xKtpr9y.jpg
這還用說嗎,https://i.imgur.com/lqDLVkJ.jpg
蝸牛天花 蝸牛軟殼症,https://i.imgur.com/VJE3gRA.jpg
百日咳 日本腦災 蝸牛痘,https://i.imgur.com/2PVlHBH.jpg
不要忘了最可怕的一種病,https://i.imgur.com/TDSSXpJ.jpg
瘋狂蝸牛症,https://i.imgur.com/B0ry9KO.jpg
你是說你的寵物沒有打 瘋狂蝸牛症預防針,https://i.imgur.com/zNEZMSD.jpg
你好像已經開始起紅疹了耶,https://i.imgur.com/0Bj53x0.jpg
請問 你的喉嚨會不會有點痛痛的呢,https://i.imgur.com/STrCrdZ.jpg
聽你這麼一提 我是有點口乾舌噪,https://i.imgur.com/7LJJheC.jpg
這種絕症會侵襲你的身體,https://i.imgur.com/jaP6nsI.jpg
讓你的眼睛充血,https://i.imgur.com/gMKz6wC.jpg
失去平衡感,https://i.imgur.com/KV0MYGc.jpg
尿失禁 一搔就好癢,https://i.imgur.com/hX7Hz63.jpg
染病蝸牛咬你一口,https://i.imgur.com/0rQoZPv.jpg
還會把你變成殭屍,https://i.imgur.com/ScVByuc.jpg
免得他去咬到重要人士,https://i.imgur.com/jRdL9Ag.jpg
瘋狂蝸牛逃出去了,https://i.imgur.com/gBFH9eA.jpg
瘋狂蝸牛來了耶,https://i.imgur.com/FpfDWQ0.jpg
要是他咬你 你就會變成殭屍,https://i.imgur.com/s2Md4gU.jpg
天啊 他在發什麼神經啊,https://i.imgur.com/godzcF2.jpg
他真討人喜歡,https://i.imgur.com/QGSsvgH.jpg
瘋狂蝸牛症是真的,https://i.imgur.com/MVOrHIc.jpg
我是殭屍 我被瘋狂蝸牛咬到了,https://i.imgur.com/z4S9oIC.jpg
我得了瘋狂蝸牛症了,https://i.imgur.com/C5cZCvR.jpg
我們被傳染了,https://i.imgur.com/byR4gUc.jpg
小蝸牛大恐慌,https://i.imgur.com/DmytgFO.jpg
因為殺手蝸牛到處狂咬 見一個咬一個,https://i.imgur.com/PlkaFX1.jpg
去問大街上任何一條魚,https://i.imgur.com/6Q35qq0.jpg
他們都會跟你說 細菌病毒感染力超強,https://i.imgur.com/Ym1nbHP.jpg
會隨血液蔓延,https://i.imgur.com/2IJgtRZ.jpg
你什麼時候開始懷疑 你已經變成了殭屍呢,https://i.imgur.com/yZZuELT.jpg
我在我被瘋狂蝸牛咬到之後,https://i.imgur.com/L0jJomf.jpg
我也一搔就好癢耶,https://i.imgur.com/36yhDhd.jpg
不 現在變成空氣傳染了,https://i.imgur.com/KsDr7RL.jpg
我們得到了必死的絕症,https://i.imgur.com/60Ks1EK.jpg
都是染病蝸牛害的,https://i.imgur.com/WOi8UBF.jpg
我不相信可愛又滑溜的蝸牛 會造成世界大毀滅,https://i.imgur.com/HfJBmw6.jpg
我是殭屍,https://i.imgur.com/bREyWNT.jpg
快放我進去,https://i.imgur.com/zsP0ey1.jpg
不可以 不可以讓任何人進來,https://i.imgur.com/ErryavA.jpg
但是損失從你的薪水裡面扣,https://i.imgur.com/6uYVHji.jpg
我不在這工作,https://i.imgur.com/DEhxjjV.jpg
沒錯 放我進去 免得我被吃掉,https://i.imgur.com/AoExt3J.jpg
他看起來很殭屍哦,https://i.imgur.com/APYS8N2.jpg
難道殭屍的皮夾 會放他最好朋友的照片嗎,https://i.imgur.com/v2HMOt5.jpg
"""一輩子的好哥兒們""",https://i.imgur.com/OEEQ6VP.jpg
可是我會盯著你的,https://i.imgur.com/CNbBh6s.jpg
你說你要盯著他看 你也會染病,https://i.imgur.com/89sTt5P.jpg
那就表示你也是殭屍,https://i.imgur.com/xCn8MkZ.jpg
對耶 我是殭屍,https://i.imgur.com/4ppy3qf.jpg
誰敢保證我們不是殭屍,https://i.imgur.com/pqT7ys2.jpg
蝸牛...,https://i.imgur.com/3Kb9GQM.jpg
不 不要靠近他,https://i.imgur.com/FtUOeoA.jpg
實在太可憐了,https://i.imgur.com/46ImyNI.jpg
我不敢看,https://i.imgur.com/rCrv777.jpg
你好壞哦,https://i.imgur.com/bKX5b2y.jpg
好諷刺啊,https://i.imgur.com/7Llpyx7.jpg
快 一定要隔離那隻染病蝸牛,https://i.imgur.com/Y2AKwMl.jpg
去捉蝸牛,https://i.imgur.com/M9TsoIe.jpg
不 別傷害他,https://i.imgur.com/Nv6nx9e.jpg
把蝸牛交出來,https://i.imgur.com/YumJcta.jpg
那是為了他好啊 海綿寶寶,https://i.imgur.com/UgvAjB2.jpg
不要再任性了,https://i.imgur.com/K5D1H5s.jpg
必須要終結瘋狂蝸牛症,https://i.imgur.com/FCt0DvV.jpg
你們就是為了那個病 在這裡亂的嗎,https://i.imgur.com/kJpgOLI.jpg
對 那你又懂什麼了,https://i.imgur.com/SXzDzC1.jpg
我懂得可多了,https://i.imgur.com/UyMpkSU.jpg
吉爾吉利安醫師,https://i.imgur.com/iyl94K9.jpg
蝸疾家跟專家,https://i.imgur.com/QHnLqaI.jpg
什麼 什麼跟什麼,https://i.imgur.com/M95MB8H.jpg
蝸牛疾病專家還有蝸牛專家,https://i.imgur.com/xfdAWej.jpg
對不起 我必須要跟各位明說,https://i.imgur.com/A273j0P.jpg
你們在談論的瘋狂蝸牛症 並不存在,https://i.imgur.com/TMdaA07.jpg
沒錯 沒有那種病,https://i.imgur.com/XkvsIsL.jpg
那只是一個傳說 一個誤會罷了,https://i.imgur.com/yHlW130.jpg
所以我們都不是殭屍了,https://i.imgur.com/MFlmphe.jpg
當然不是 沒有人是,https://i.imgur.com/ZMfCvX5.jpg
這只是一種群眾恐慌吧,https://i.imgur.com/YUuje4v.jpg
那是因為你不重視個人衛生,https://i.imgur.com/SL0TrMM.jpg
你還愛我嗎,https://i.imgur.com/WmrGBFP.jpg
你不是殭屍了 記得嗎,https://i.imgur.com/SZARk6g.jpg
我明明是,https://i.imgur.com/oPy4Azx.jpg
你們快來救救我啊,https://i.imgur.com/xWF3TVE.jpg
天氣這麼好 會有什麼事,https://i.imgur.com/Y0UsMvK.jpg
今天我一點都不好 小子,https://i.imgur.com/d1lQwal.jpg
看樣子 我只能打開天窗說亮話了,https://i.imgur.com/yK66TN9.jpg
去放大假吧,https://i.imgur.com/Iy99Vet.jpg
情況比我預期的還順利,https://i.imgur.com/e03hH1W.jpg
他是啊 仍然是,https://i.imgur.com/9VMelx8.jpg
什麼 那我整天要幹嘛,https://i.imgur.com/0FLWsam.jpg
我哪知啊,https://i.imgur.com/owkB5ki.jpg
我管你那麼多,https://i.imgur.com/1VUFQnx.jpg
你就是不能來這裡,https://i.imgur.com/BmJoJjy.jpg
章魚哥一個人做不來的,https://i.imgur.com/jQ3HDuy.jpg
我不會做的,https://i.imgur.com/aV6jHn6.jpg
我找來了一個不支薪的實習生,https://i.imgur.com/Q8EmmnO.jpg
快去工作 不要聊了,https://i.imgur.com/MwEM6Aw.jpg
他給了我一把搔肚肚的抓抓樂,https://i.imgur.com/4kP4X9F.jpg
這個也可以搔背,https://i.imgur.com/TKJHyI9.jpg
我只要一看到你就好想哭,https://i.imgur.com/0wTMuVP.jpg
我就送你到18層地獄去渡假,https://i.imgur.com/gFBC9iN.jpg
你的煎鍋溫度 要準確的設定在298度才可以,https://i.imgur.com/K8vClkN.jpg
你到底是哪一句話聽不懂,https://i.imgur.com/FVb2UwA.jpg
等等 不是你想的那樣,https://i.imgur.com/VspAiSE.jpg
一切都在我們的掌控之下,https://i.imgur.com/TSGLazj.jpg
蟹堡王玩具屋扮家家酒,https://i.imgur.com/nQwmknA.jpg
滾...你是哪句聽不懂啊,https://i.imgur.com/DMzglYl.jpg
只有做這件事我才會快樂,https://i.imgur.com/hnUpo5A.jpg
快給我做出20個美味蟹堡,https://i.imgur.com/IZmNtUk.jpg
放大假還在想蟹堡王的工作 真的很不健康,https://i.imgur.com/joH6lBz.jpg
蟹老闆 他又跑回來了,https://i.imgur.com/gjpXWM0.jpg
那是低鹽番茄醬,https://i.imgur.com/Yg5rUZV.jpg
我都不知道我有耳朵耶,https://i.imgur.com/ylskcA1.jpg
我剛剛才清好的,https://i.imgur.com/xqifRCC.jpg
前面右轉就好了,https://i.imgur.com/mCJxAJI.jpg
安靜 小朋友 安靜,https://i.imgur.com/A9WF81g.jpg
你要把我載去哪裡,https://i.imgur.com/nRyyE1v.jpg
永遠的放大假,https://i.imgur.com/QG4ShoO.jpg
沒錯 老闆就是想要換掉我,https://i.imgur.com/uVh0Gw5.jpg
他在等機會 他們看不起我,https://i.imgur.com/mq2EjB0.jpg
他們認我好欺負,https://i.imgur.com/3aFmp5k.jpg
肉餅蟹...,https://i.imgur.com/BWvImKr.jpg
這首歌的歌詞好難記,https://i.imgur.com/9uKz9xD.jpg
我的黃金歲月都在那裡浪費了,https://i.imgur.com/vXtPsZf.jpg
他們卻只想一腳把我踢開 當垃圾,https://i.imgur.com/fXWaT0e.jpg
派大星 我等你好久了,https://i.imgur.com/hnS73AQ.jpg
你終於熬出頭了,https://i.imgur.com/uCQUwuA.jpg
為什麼要這麼做,https://i.imgur.com/rLrOalV.jpg
我就是離不開它,https://i.imgur.com/Btn8g9e.jpg
省了這麼多,https://i.imgur.com/WQ7kcGs.jpg
比我一年賺的錢還多,https://i.imgur.com/A8MjkC4.jpg
你可別想要我幫你加薪,https://i.imgur.com/EGa7ZVH.jpg
快點回去工作,https://i.imgur.com/mm2U8SX.jpg
你的頭是怎麼了,https://i.imgur.com/TMcIVZ3.jpg
那是假髮還是N捲的衛生紙,https://i.imgur.com/L5DhVAf.jpg
不要這樣 給它個機會嘛,https://i.imgur.com/0i6t7Na.jpg
你害我露出禿頭了,https://i.imgur.com/NIVwOb1.jpg
捲捲的毛 蓬蓬的觸感,https://i.imgur.com/Gkdghts.jpg
宰了攻擊你的吃腦外星人怪頭,https://i.imgur.com/tAS2e8n.jpg
派大星 攻擊我的只有你一個人,https://i.imgur.com/kUeGJg7.jpg
並不是 不過那真是個好主意,https://i.imgur.com/hHVeB5F.jpg
我快不行了,https://i.imgur.com/uFqIhz0.jpg
你不覺得你有點呆嗎,https://i.imgur.com/BAAMNgB.jpg
好了 我該回家去洗澎澎了,https://i.imgur.com/weWh8GB.jpg
"""汙泥""",https://i.imgur.com/dEkTasX.jpg
不要看啦,https://i.imgur.com/qM2niuM.jpg
謝謝 我今天感覺好時髦哦,https://i.imgur.com/igHIwLG.jpg
幹嘛 怎麼樣 什麼,https://i.imgur.com/7F2aHda.jpg
你有沒有注意到 我今天有哪裡不一樣,https://i.imgur.com/XS6ebmb.jpg
對 我怎麼會沒看見呢,https://i.imgur.com/YLtr8A7.jpg
下班後我們可以去幫你撿一頂,https://i.imgur.com/lW7jjyX.jpg
蟹老闆 我已經端出很多的垃圾了,https://i.imgur.com/VerfOly.jpg
我的假髮讓大家好快樂耶,https://i.imgur.com/BMFkO9f.jpg
想也知道,https://i.imgur.com/PzRVpOl.jpg
附餐看起來很不賴哦,https://i.imgur.com/C8yQcln.jpg
妳識貨,https://i.imgur.com/x7mTnHF.jpg
你要去見女皇啊 捲毛公爵,https://i.imgur.com/86PkiLX.jpg
不對 我沒有要去見皇族,https://i.imgur.com/IsSAeby.jpg
你一定把我誤認為皇室成員了,https://i.imgur.com/Yeay7hI.jpg
謝謝你們這麼欣賞我,https://i.imgur.com/fWDl2cv.jpg
分一點給我們怎麼樣啊,https://i.imgur.com/NCQJbif.jpg
情況不妙 大家都在嫉妒我,https://i.imgur.com/U1ladNl.jpg
羞羞臉 海綿寶寶,https://i.imgur.com/ORpjkE8.jpg
羞羞臉,https://i.imgur.com/7RGQHYJ.jpg
尼德蓬蓬樂團 拜拜了,https://i.imgur.com/QFDBlxy.jpg
你去問這位禿頭老兄啊,https://i.imgur.com/hXqjDhH.jpg
我禿頭又不是我的錯,https://i.imgur.com/dWTpNbW.jpg
只有一個目的 唯一的神聖目的,https://i.imgur.com/NKMLhM3.jpg
海削大家的錢,https://i.imgur.com/TtrdaFP.jpg
現在你的大禿頭 害我們一毛錢都削不到,https://i.imgur.com/xf8YqF4.jpg
我們是賣CD 不是做善事,https://i.imgur.com/Ss4zw7H.jpg
等你長出頭髮再來 不然免談,https://i.imgur.com/sTs5Mxl.jpg
它的功能跟你的腦袋瓜一樣,https://i.imgur.com/prU6AJH.jpg
我不是在讚美你,https://i.imgur.com/mVwDKNs.jpg
整個比奇堡都在嘲笑你,https://i.imgur.com/uKozT3W.jpg
你自己看清楚,https://i.imgur.com/dDCjQG3.jpg
哈囉 帥哥,https://i.imgur.com/l0s77Uc.jpg
我從來沒這麼高過,https://i.imgur.com/HxE8RcY.jpg
你不知道自己有多可笑嗎,https://i.imgur.com/l6YiWU2.jpg
我覺得滿酷的,https://i.imgur.com/xiZbzyY.jpg
你怎麼裝酷都永遠酷不起來的,https://i.imgur.com/S0cnLxm.jpg
所以我是很酷的,https://i.imgur.com/cpMsIwm.jpg
不要再戴那個東西來工作了,https://i.imgur.com/E48J3Vm.jpg
你就是不給我任何機會,https://i.imgur.com/xBLFGOc.jpg
沒錯 約翰,https://i.imgur.com/ObcELdP.jpg
這不是真髮 是我偷來的,https://i.imgur.com/Z2OL6O8.jpg
看電影講話很沒有禮貌哦,https://i.imgur.com/gUkGsYM.jpg
不要吵到大家看電影了,https://i.imgur.com/OkVUupN.jpg
快點拿下來 呆子,https://i.imgur.com/nHc0BY0.jpg
好好看你們的電影 不要吵,https://i.imgur.com/Rnvfmfx.jpg
可是沒有必要為了它大暴動,https://i.imgur.com/2JKLCcn.jpg
我們就來暴動吧,https://i.imgur.com/tGqCCXe.jpg
我就說這部電影很難看吧,https://i.imgur.com/QTeYrXg.jpg
你一定要堅強一點,https://i.imgur.com/eSISkEn.jpg
我只是想讓你知道,https://i.imgur.com/woPCsUU.jpg
雖然我才認識你 短短的兩 三天時間,https://i.imgur.com/3lt720k.jpg
我的生命已經不能沒有你了,https://i.imgur.com/btyOFbw.jpg
你快點啦,https://i.imgur.com/24zFeVk.jpg
不論他們怎麼說 你永遠是最酷的,https://i.imgur.com/DGIVUGj.jpg
我要怎麼樣才能夠長頭髮,https://i.imgur.com/3J8cPv4.jpg
我的事業全毀了 毀了,https://i.imgur.com/ojMrYsH.jpg
太好了 勝利屬於我的了,https://i.imgur.com/qxpWZLa.jpg
他沒有盲目跟流行耶,https://i.imgur.com/bjADCCp.jpg
我覺得有點遭到背叛了,https://i.imgur.com/yZ3oXHw.jpg
你昨天還在嘲笑我,https://i.imgur.com/ugJbID9.jpg
那我比大家都還要先酷到了,https://i.imgur.com/FB9S2IZ.jpg
沒錯 昨天酷,https://i.imgur.com/qp1zxWN.jpg
今天不酷了,https://i.imgur.com/voLVdwu.jpg
洗過以後再還給我就行了,https://i.imgur.com/tu756rk.jpg
今天 我們要來欣賞海底抒情音樂,https://i.imgur.com/ozwJ5I5.jpg
抒情 音樂,https://i.imgur.com/NIgCNG2.jpg
當我沒說,https://i.imgur.com/BR7nGWP.jpg
白浪濤濤,https://i.imgur.com/qmnnHHe.jpg
熱帶微風,https://i.imgur.com/mcOzYvw.jpg
漩渦,https://i.imgur.com/MenHCTW.jpg
反方向漩渦,https://i.imgur.com/Bq4GY5e.jpg
你又把你的豎笛吞下去了,https://i.imgur.com/uyUVadN.jpg
我要仔細瞧瞧,https://i.imgur.com/s5hY7HD.jpg
太暗了,https://i.imgur.com/mxwy6ru.jpg
我要採取終極手段,https://i.imgur.com/5T1ojzg.jpg
都是你害的,https://i.imgur.com/oHHlJMM.jpg
果然不出我所料,https://i.imgur.com/XRsDM6r.jpg
你真的是笨手笨腳的,https://i.imgur.com/hEqVjX9.jpg
這個實驗室就叫做縮小巡航室,https://i.imgur.com/MKFv1Pt.jpg
我可是操控潛水艇的高手,https://i.imgur.com/fseYAHr.jpg
嗨 老百姓,https://i.imgur.com/BfUg8KL.jpg
我沒有坐過潛水艇耶,https://i.imgur.com/lQIwEPa.jpg
讓我進去看一看,https://i.imgur.com/xXdLh99.jpg
縮小,https://i.imgur.com/J9grRIF.jpg
我剛好覺得自己太胖了,https://i.imgur.com/YEdwQcm.jpg
漂漂...,https://i.imgur.com/Ad06BQf.jpg
你好小哦,https://i.imgur.com/I6sIrL8.jpg
海綿寶寶巨人,https://i.imgur.com/Kiv6knj.jpg
你好傻哦,https://i.imgur.com/27RuwIN.jpg
那兩個呆瓜在你的體內,https://i.imgur.com/BX59XAF.jpg
免得他們撞壞重要器官,https://i.imgur.com/RAHcTPK.jpg
我來救你了 珊迪,https://i.imgur.com/73VUznq.jpg
這個地方本來就被搞砸了,https://i.imgur.com/ST2m2C8.jpg
平安的從出口出來,https://i.imgur.com/4sO3KC6.jpg
我無法控制我的眼球,https://i.imgur.com/WjkEknd.jpg
我天生有明星命,https://i.imgur.com/luB0hhw.jpg
我沒有辦法控制自己的行動,https://i.imgur.com/mzysMmH.jpg
我在下沉 派大星一直叫個不停,https://i.imgur.com/3pCdLPK.jpg
不要在我的體內打嗝,https://i.imgur.com/aCOIRZT.jpg
要是你可以打個超大的嗝,https://i.imgur.com/ZZYwpjl.jpg
就可以輸入二氧化碳到燃料箱,https://i.imgur.com/aAJ7nGe.jpg
重新發動引擎,https://i.imgur.com/JLN3b7K.jpg
然後趁勢一起被打出來,https://i.imgur.com/NvEu84B.jpg
我們就照你的計劃去做 派大星,https://i.imgur.com/wLUrHgX.jpg
什麼計劃,https://i.imgur.com/n0E2K5x.jpg
沒想到我會是這樣死掉,https://i.imgur.com/JMRGncL.jpg
你吃了什麼,https://i.imgur.com/5ObClUW.jpg
呆瓜,https://i.imgur.com/O4cmJ9p.jpg
兩個小時以後,https://i.imgur.com/gJdVTS6.jpg
這把笨鐵鎚根本就沒有用嘛,https://i.imgur.com/BYOhxBR.jpg
超級漩渦,https://i.imgur.com/rE15vue.jpg
離開我的身體,https://i.imgur.com/Gllea52.jpg
放大,https://i.imgur.com/t85ovZy.jpg
"""絕不退錢"" 好了",https://i.imgur.com/duaH8Lk.jpg
章魚哥 馬桶好像又堵住了,https://i.imgur.com/mCh6akE.jpg
快點給我滾,https://i.imgur.com/EQDPuqI.jpg
參考看看吧 先生,https://i.imgur.com/NxHlKfr.jpg
我得要離開這裡,https://i.imgur.com/7nsPPww.jpg
我要走人了 他叫我滾,https://i.imgur.com/m2kMjpH.jpg
我也不太確定,https://i.imgur.com/JRG8mm8.jpg
但是他有個公事包,https://i.imgur.com/R5rH32h.jpg
公事包,https://i.imgur.com/54HSHmU.jpg
那誰要陪我參加 下一屆的水母迷博覽會呢,https://i.imgur.com/tfeIeKG.jpg
你得要 另外找一個朋友陪你去了,https://i.imgur.com/5jz66Tw.jpg
因為我是走定了,https://i.imgur.com/Quu9i08.jpg
不要走 求求你不要走,https://i.imgur.com/VdGcNCR.jpg
我只好整理好行李 然後...,https://i.imgur.com/uzDTYe1.jpg
我的衣服,https://i.imgur.com/ueJFY9g.jpg
派大星 那是我的衣服,https://i.imgur.com/UvijBJ7.jpg
我的花生醬,https://i.imgur.com/jtFXiUZ.jpg
那是我的花生醬,https://i.imgur.com/VcPTZME.jpg
我的酸黃瓜,https://i.imgur.com/ejm6U1i.jpg
你居然真的說走就走 派大星,https://i.imgur.com/onk0yd0.jpg
還A走酸黃瓜,https://i.imgur.com/bRLSlwt.jpg
我不走不行,https://i.imgur.com/cowno9J.jpg
永別了,https://i.imgur.com/cPvshd5.jpg
現在不管什麼事情 都阻止不了我,https://i.imgur.com/7MTtrWj.jpg
糗了 我不是派大星,https://i.imgur.com/qAMY4fK.jpg
不過再也不是了,https://i.imgur.com/0966dtE.jpg
謝謝你這麼挺我,https://i.imgur.com/RRbX25t.jpg
你的努力都白費了,https://i.imgur.com/ccDYDB2.jpg
再見了 石頭,https://i.imgur.com/I5Mcyxb.jpg
再見 珊瑚,https://i.imgur.com/K2d7n6T.jpg
再見 海草,https://i.imgur.com/oqk5C7k.jpg
再見了 天空,https://i.imgur.com/k0i2FQf.jpg
我就是海草先生怪物人了,https://i.imgur.com/6G6MqmE.jpg
從今以後住在比奇堡 過著快樂的日子,https://i.imgur.com/I7j5sWi.jpg
派大星 世界上已經沒有 海草先生怪物人了,https://i.imgur.com/YodQoG5.jpg
你沒跟我說你有女朋友,https://i.imgur.com/TMfqMnn.jpg
兄弟 你女朋友不是恐龍妹哦,https://i.imgur.com/rm6ItAr.jpg
你不必對我交代你的感情生活,https://i.imgur.com/p2MKm48.jpg
我真的不知道 你的身邊有一個辣妹,https://i.imgur.com/R7A9gc2.jpg
恭喜你交到了新的女朋友 老兄,https://i.imgur.com/z84TjsN.jpg
你是哪位 煞到我的小美人兒,https://i.imgur.com/JHdGZOi.jpg
她真是太美豔了,https://i.imgur.com/5N2l6nK.jpg
雖然我們認識彼此的時間 非常的短,https://i.imgur.com/W0w8Qjb.jpg
可是我呢 對你有種很特別的感覺,https://i.imgur.com/HDtabuP.jpg
好大的胃口啊 但是她是女的,https://i.imgur.com/YofOhMS.jpg
他們叫我章魚情聖 不是叫假的哦,https://i.imgur.com/tI1YaMY.jpg
妳星期六晚上有空嗎,https://i.imgur.com/yBwcvFL.jpg
這個星期五 妳跟我一起去約會看星星,https://i.imgur.com/l44rors.jpg
妳確定星期六沒有空嗎,https://i.imgur.com/HRvpQJB.jpg
討厭的跟屁蟲,https://i.imgur.com/zl61ojv.jpg
去吃早餐怎麼樣,https://i.imgur.com/cbsCR8e.jpg
那兩個現在是怎麼樣,https://i.imgur.com/pAfwdMi.jpg
幹嘛對我這麼好,https://i.imgur.com/jfc5XvV.jpg
一定是因為我露出肚臍的關係,https://i.imgur.com/uJVNRmE.jpg
我不要再穿成這個樣子了,https://i.imgur.com/9fyccar.jpg
我沒有辦法再繼續假裝下去了,https://i.imgur.com/LdOVEvw.jpg
我不想再假裝成不是我的人了,https://i.imgur.com/jgJv6ac.jpg
我有一件事情要宣布,https://i.imgur.com/Ii7voeC.jpg
我會吃掉 你們吃剩的所有吃剩的食物,https://i.imgur.com/nFAuAEU.jpg
難道你不過來幫我點餐嗎,https://i.imgur.com/syXYVkz.jpg
我是不是在哪裡見過妳,https://i.imgur.com/vg7CztN.jpg
快去美麗陽光海岸別莊,https://i.imgur.com/zssbDke.jpg
我就不需要 再偽裝成這個樣子了,https://i.imgur.com/3u7wSuF.jpg
我要回家去洗澎澎了,https://i.imgur.com/J4djUyP.jpg
讓我把情況搞清楚,https://i.imgur.com/7us1N36.jpg
你不是女的,https://i.imgur.com/4uc8h80.jpg
對啊,https://i.imgur.com/j3Kiv7x.jpg
那你被開除了,https://i.imgur.com/Hz8Q5fM.jpg
不一定 可能會待個20年吧,https://i.imgur.com/F4lx765.jpg
一定是暴風雨前的寧靜,https://i.imgur.com/C8qu1Aj.jpg
我就要和你 共享美好的寧靜夜晚了,https://i.imgur.com/3QiLjkC.jpg
你們還沒走 對吧,https://i.imgur.com/UyXzRta.jpg
再吼也沒用,https://i.imgur.com/deZyoZR.jpg
氣死我了,https://i.imgur.com/9jxn7bR.jpg
我又要被迫離開自己的家,https://i.imgur.com/W9Z2d7W.jpg
你不知道大家都恨你,https://i.imgur.com/8dylnwV.jpg
你很危險,https://i.imgur.com/auBXCLk.jpg
你幹嘛...,https://i.imgur.com/iLIH3NV.jpg
動物管制局嗎,https://i.imgur.com/TS9lCcG.jpg
他只是又可憐又笨的野生動物,https://i.imgur.com/IPt8ojQ.jpg
需要加點芥末,https://i.imgur.com/p9jV9Oi.jpg
他不應該受到這種待遇,https://i.imgur.com/1vGbQBF.jpg
好了 派大星 還記得計劃嗎,https://i.imgur.com/Td1L9HI.jpg
記得,https://i.imgur.com/LN7o0Pq.jpg
這個對不對,https://i.imgur.com/a9TZsay.jpg
不是那個啦,https://i.imgur.com/KEKOSIB.jpg
你是我的英雄,https://i.imgur.com/V39Q4rk.jpg
有一道光,https://i.imgur.com/30o1mwd.jpg
要爆囉,https://i.imgur.com/G4v5WyZ.jpg
小兄弟 是洗車工的一大挑戰,https://i.imgur.com/PKFsBoe.jpg
廣告後請繼續觀賞 比奇堡洗車工傳奇,https://i.imgur.com/QRFVu74.jpg
你很無聊嗎,https://i.imgur.com/KUWFQ1v.jpg
是的 我好無聊哦,https://i.imgur.com/POzxXLk.jpg
一個朋友要形容你,https://i.imgur.com/1kMkUij.jpg
是不是都說你無聊,https://i.imgur.com/D6WmbIw.jpg
乏味,https://i.imgur.com/FT0Vsge.jpg
不要忘了平凡無奇,https://i.imgur.com/pTiC2VK.jpg
沒錯...查理,https://i.imgur.com/W8Eowc9.jpg
現在我告訴你,https://i.imgur.com/0xDVq0w.jpg
你可以改變那一切,https://i.imgur.com/S6HIxeP.jpg
誰都不能不理我了,https://i.imgur.com/jp9GhbR.jpg
你說得對 查理,https://i.imgur.com/y87IaQG.jpg
我好想讓我的朋友驚嘆連連哦,https://i.imgur.com/CfIYKWx.jpg
快去寄 19塊9毛5給我魔法大師,https://i.imgur.com/eeJgWtj.jpg
四到六個星期之後,https://i.imgur.com/h6qKh7W.jpg
魔法組一組 還有另外一個黃黃的小東西,https://i.imgur.com/ZfqTSI5.jpg
魔法大師超神奇魔法組,https://i.imgur.com/TMnHMrn.jpg
太神奇了 魔咒大全,https://i.imgur.com/hoVttrP.jpg
我個人專用的神奇魔法棒,https://i.imgur.com/WoqO0kO.jpg
魔法師假鬍子,https://i.imgur.com/U7KwjpI.jpg
當然還有最重要的 魔法師見習生執照,https://i.imgur.com/xNnDG6W.jpg
好喝的汽水 低脂海草脆片,https://i.imgur.com/4WfWDhO.jpg
你真的是把自己寵到壞掉了,https://i.imgur.com/3lskLQo.jpg
你絕對不會壞掉的 朋友,https://i.imgur.com/M1zHLTa.jpg
來 拿著這副普通的撲克牌,https://i.imgur.com/LnFEhZB.jpg
就在你眼前變哦,https://i.imgur.com/900Awfw.jpg
天知道他會拖多久,https://i.imgur.com/xPSX8cF.jpg
我不在乎你要開去哪裡,https://i.imgur.com/1UO1K3d.jpg
載我離開這裡就好,https://i.imgur.com/JmAv2Lf.jpg
然後拿起一張牌塞進耳朵裡,https://i.imgur.com/uunqKwn.jpg
可是我不喜歡開心果,https://i.imgur.com/X1YQopQ.jpg
那你幹嘛說要吃,https://i.imgur.com/1M7dC6C.jpg
那表示...我是特等魔法師了,https://i.imgur.com/Gcht5qF.jpg
阿布拉賈巴,https://i.imgur.com/vDhvoHT.jpg
嘰哩呱啦,https://i.imgur.com/8dqy3jH.jpg
嘰哩咕嚕咕嚕嘎啦,https://i.imgur.com/hWwPjnh.jpg
轟地巴啦,https://i.imgur.com/c5INk4R.jpg
你說話 你說話啊,https://i.imgur.com/q1Z5nOb.jpg
好可怕 太悲慘了,https://i.imgur.com/qy3SHEf.jpg
他太好吃了嘛,https://i.imgur.com/VgPf7lo.jpg
這明明就是,https://i.imgur.com/pCPQ5bx.jpg
快 快點報警,https://i.imgur.com/k0F8txD.jpg
老天 都是我的錯,https://i.imgur.com/84QaNEd.jpg
我恨你 魔法大師超神奇魔法組,https://i.imgur.com/owOvWXK.jpg
警告 9歲到99歲不准玩,https://i.imgur.com/r8VwpI8.jpg
也許你應該考慮換個嗜好看看,https://i.imgur.com/7i9LLpF.jpg
我...我要去吃中飯了,https://i.imgur.com/jGvPjI2.jpg
我等你,https://i.imgur.com/79yH3PK.jpg
我要吃兩年的時間,https://i.imgur.com/IlQra4F.jpg
這裡有一個人 在對著小管管說話,https://i.imgur.com/7Eha6WF.jpg
不要理你的朋友,https://i.imgur.com/6R3RpEH.jpg
你見到的魚只是一種幻覺而已,https://i.imgur.com/Gsvfr1D.jpg
理論上是的,https://i.imgur.com/HdTOcNu.jpg
不過這裡唯一的魔法 是做生意賺錢的魔法,https://i.imgur.com/OlTpEy2.jpg
我會把錢退給你的,https://i.imgur.com/4kKKObi.jpg
這跟錢沒關係,https://i.imgur.com/7bYWr9B.jpg
你是一個冒牌貨,https://i.imgur.com/c9bVZtl.jpg
你是騙死人不償命的奸商,https://i.imgur.com/xhIonSh.jpg
你用貪汙腐敗的方法 嚴重汙染神聖魔法的聖潔光輝,https://i.imgur.com/NARsUru.jpg
你毀掉我對神奇魔法的信心,https://i.imgur.com/nAIsh99.jpg
我們要怎麼處理章魚哥,https://i.imgur.com/fY1LswJ.jpg
我們可以吃掉他,https://i.imgur.com/btgwXm2.jpg
我肚子餓了,https://i.imgur.com/unWVr7N.jpg
快載我走,https://i.imgur.com/dcDPxo6.jpg
你可以把我變成一大瓶美乃滋,https://i.imgur.com/N9114jp.jpg
讓我吃我自己嗎,https://i.imgur.com/NmCDmQl.jpg
派星星變...,https://i.imgur.com/NTMp167.jpg
"""美乃滋""",https://i.imgur.com/iSuKFZ0.jpg
我知道那麼做傷害了...,https://i.imgur.com/KynoM46.jpg
我...我很在乎的人,https://i.imgur.com/8ye6vhz.jpg
"""請稍後"" 我們要中斷節目",https://i.imgur.com/25f602W.jpg
真是好主意,https://i.imgur.com/SvhYKoP.jpg
應該是老蟹烤焦的日子,https://pbs.twimg.com/media/FrHpcIvaIAIrWkH.jpg